お台場海浜公園,139.77853,35.629805000000005,30831
船の科学館,139.773115,35.621575,30831
テレコムセンター,139.77966500000002,35.617725,13798
汐留,139.760075,35.662985,384624
台場,139.77137499999998,35.625870000000006,30831
有明,139.79334,35.63455,17502
国際展示場正門,139.7913,35.63021,17502
新橋,139.75958666666668,35.66558333333333,618798
竹芝,139.762015,35.654065,104561
芝浦ふ頭,139.75787,35.64222,30354
日の出,139.75916,35.64926,87306
青海,139.781315,35.6248,30831
新豊洲,139.79011500000001,35.64871,9843
市場前,139.78565,35.64569,0
有明テニスの森,139.788895,35.63998,696
豊洲,139.795435,35.653705,33697
青砥,139.85627,35.74587,33234
京成曳舟,139.82028,35.71864,54233
押上,139.81241,35.71022,41103
八広,139.82831666666667,35.727196666666664,16169
四ツ木,139.834655,35.731715,19651
京成立石,139.84816,35.73819,64438
京成高砂,139.86659,35.75087,28208
京成金町,139.87034999999997,35.76845,37992
柴又,139.87528333333333,35.75643,16643
千葉中央,140.11776500000002,35.607475,0
千葉寺,140.13217,35.590360000000004,0
大森台,140.14957,35.58399,0
ちはら台,140.1701225,35.53369,0
学園前,140.1584,35.5604675,0
おゆみ野,140.16634,35.5500175,0
京成津田沼,140.024845,35.68364,0
新千葉,140.10862500000002,35.612465,0
みどり台,140.097325,35.625295,0
京成稲毛,140.08571,35.637249999999995,0
京成千葉,140.114355,35.61162,0
検見川,140.06676,35.65251,0
千葉中央,140.11776500000002,35.607475,0
西登戸,140.10287,35.617625000000004,0
京成幕張,140.05600499999997,35.6605625,0
京成幕張本郷,140.041675,35.672920000000005,0
京成成田,140.31546500000002,35.77627,0
東成田,140.38725,35.769684999999996,0
成田空港,140.386305,35.765725,0
空港第2ビル,140.38761,35.77296,0
京成大和田,140.10863,35.712360000000004,0
志津,140.14493,35.717405,0
京成西船,139.958845,35.711690000000004,0
京成佐倉,140.229865,35.725205,0
大神宮下,139.99137,35.69396666666666,0
京成八幡,139.92817,35.72386,0
京成大久保,140.048605,35.685925,0
実籾,140.06808,35.68685,0
谷津,140.00764799999996,35.685286,0
ユーカリが丘,140.156385,35.72183,0
京成成田,140.31546500000002,35.77627,0
京成津田沼,140.024845,35.68364,0
船橋競馬場,139.997955,35.6896425,0
勝田台,140.12604499999998,35.71539,0
宗吾参道,140.280705,35.75235,0
公津の杜,140.294445,35.76021,0
海神,139.971785,35.70592499999999,0
東中山,139.952635,35.714420000000004,0
鬼越,139.937865,35.719764999999995,0
八千代台,140.09077000000002,35.701355,0
京成中山,139.94438,35.71695,0
京成臼井,140.180805,35.730025,0
大佐倉,140.25072,35.729929999999996,0
京成船橋,139.98493666666664,35.699963333333336,0
京成酒々井,140.270175,35.736914999999996,0
京成関屋,139.81185,35.743965,46402
堀切菖蒲園,139.82754,35.74765,17031
菅野,139.919395,35.728275,0
千住大橋,139.79705,35.74241,32578
京成上野,139.77351,35.71131,332443
江戸川,139.8958725,35.737835,11081
日暮里,139.77136666666664,35.728123333333336,51995
青砥,139.85627,35.74587,33234
新三河島,139.7741675,35.7373425,65911
国府台,139.90354,35.73631,776
町屋,139.78157,35.742340000000006,37766
京成小岩,139.883615,35.742215,24245
京成高砂,139.86659,35.75087,28208
市川真間,139.91178,35.7312675,0
お花茶屋,139.83988499999998,35.747614999999996,41839
成田湯川,140.2914805,35.79956,0
成田空港,140.386305,35.765725,0
空港第2ビル,140.38761,35.77296,0
印旛日本医大,140.20275900000001,35.787815499999994,0
千葉ニュータウン中央,140.1162625,35.800219999999996,0
新鎌ヶ谷,139.998355,35.779610000000005,0
東松戸,139.94277499999998,35.76981,0
京成高砂,139.86659,35.75087,28208
三崎口,139.633358,35.178218,0
北久里浜,139.68639,35.249162,0
ＹＲＰ野比,139.68525499999998,35.21257,0
新大津,139.69019666666668,35.25697,0
津久井浜,139.66485,35.19812,0
京急長沢,139.674125,35.205445,0
三浦海岸,139.65337499999998,35.188285,0
堀ノ内,139.687035,35.263149999999996,0
京急久里浜,139.702215,35.23147,0
京急蒲田,139.724329318,35.561699466,63500
穴守稲荷,139.74671666666669,35.550333333333334,20666
糀谷,139.72959,35.55445,47068
大鳥居,139.740225,35.552319999999995,37036
天空橋,139.75462000000002,35.54815333333334,4925
羽田空港国内線ターミナル,139.786025,35.5498,0
新逗子,139.580522,35.294225,0
神武寺,139.59289,35.30628,0
六浦,139.61149,35.322725,0
金沢八景,139.620125,35.33113,0
京急川崎,139.70094,35.533010000000004,1585
鈴木町,139.72065500000002,35.53538,647
小島新田,139.747555,35.534639999999996,0
東門前,139.734325,35.53659,148
港町,139.71262000000002,35.535065,3168
産業道路,139.740445,35.536605,0
川崎大師,139.725995,35.53577,0
大森海岸,139.7353075,35.58741,135504
立会川,139.738945,35.598505,40778
青物横丁,139.743135,35.60919,66902
北品川,139.73931,35.622426000000004,37147
品川,139.738094,35.627714000000005,83430
新馬場,139.741498,35.616662,57012
鮫洲,139.742445,35.60507,94155
泉岳寺,139.73973,35.638130000000004,78971
堀ノ内,139.687035,35.263149999999996,0
金沢八景,139.620125,35.33113,0
京急川崎,139.70094,35.533010000000004,1585
京急蒲田,139.724329318,35.561699466,63500
安針塚,139.64282199999997,35.286682,0
京急鶴見,139.67758750000002,35.506665,0
杉田,139.61561,35.383905,0
南太田,139.613635,35.436890000000005,0
汐入,139.66251499999998,35.280315,0
逸見,139.6526075,35.28062250000001,0
大森町,139.73201,35.5725,36095
京急新子安,139.65585,35.48721999999999,0
八丁畷,139.69145,35.523025000000004,0
追浜,139.62488333333334,35.315691666666666,0
雑色,139.715035,35.549775,43858
生麦,139.66733499999998,35.495599999999996,0
弘明寺,139.59690999999998,35.424099999999996,0
花月園前,139.67286000000001,35.500325000000004,0
横須賀中央,139.66978857142857,35.27883714285714,0
能見台,139.62923,35.3605575,0
上大岡,139.59661,35.409345,0
金沢文庫,139.62177666666668,35.34326333333333,0
馬堀海岸,139.707915,35.25956,0
神奈川,139.627415,35.47125,0
浦賀,139.71504,35.251876,0
黄金町,139.62256000000002,35.439705000000004,0
戸部,139.61956,35.45666,0
井土ヶ谷,139.600525,35.433875,0
仲木戸,139.634925,35.477554999999995,0
屏風浦,139.61043999999998,35.394130000000004,0
鶴見市場,139.68649,35.51759,0
横浜,139.62312500000002,35.46625,0
京急富岡,139.62976,35.36671,0
子安,139.64504,35.484575,0
県立大学,139.67696999999998,35.269816666666664,0
京急田浦,139.62521333333333,35.30099666666666,0
神奈川新町,139.64017,35.481515,0
京急大津,139.69537000000003,35.261005,0
梅屋敷,139.72816999999998,35.566784999999996,38139
六郷土手,139.707565,35.540530000000004,14042
日ノ出町,139.62666,35.44563,0
平和島,139.734934,35.578654,42565
羽田空港国際線ターミナル,139.7670665,35.544979999999995,0
井の頭公園,139.58312,35.697295,147951
吉祥寺,139.58031,35.702290000000005,203173
三鷹台,139.589295,35.692049999999995,17707
駒場東大前,139.684075,35.65867,29426
神泉,139.6932525,35.65718,352270
明大前,139.65037999999998,35.669084999999995,26615
渋谷,139.69986300000002,35.65855066666666,659191
永福町,139.64267,35.676225,22051
東松原,139.65575800000002,35.662636,21321
浜田山,139.627575,35.681575,36118
新代田,139.66138999999998,35.662495,42602
高井戸,139.61523,35.683260000000004,33737
久我山,139.59932500000002,35.688140000000004,18140
富士見ヶ丘,139.6072325,35.684805,22615
下北沢,139.66656999999998,35.661604999999994,45625
池ノ上,139.673455,35.66037,40982
西永福,139.635155,35.678875000000005,25990
仙川,139.58522333333335,35.66237,31650
代田橋,139.65939500000002,35.671075,57940
笹塚,139.667175,35.67366,45922
幡ヶ谷,139.67772000000002,35.67676,39959
桜上水,139.631465,35.66764,18516
八幡山,139.61448000000001,35.670075,33237
芦花公園,139.6084025,35.6705475,43586
新宿,139.69921,35.689985,1095900
下高井戸,139.64202555555556,35.666116666666674,23967
上北沢,139.623415,35.668845000000005,31934
明大前,139.65055,35.6683575,26615
初台,139.68827,35.68142,87135
千歳烏山,139.60037499999999,35.667835,33978
新宿,139.69861500000002,35.68843,1073674
調布,139.544735,35.65177,63288
高幡不動,139.4131,35.662274999999994,15297
北野,139.354154,35.644496000000004,15332
飛田給,139.52366,35.659985,20188
長沼,139.36588,35.64278,4868
つつじヶ丘,139.57519000000002,35.658,23160
柴崎,139.566625,35.65399,46893
中河原,139.457505,35.6595025,15632
東府中,139.4954,35.668769999999995,37353
武蔵野台,139.511305,35.664135,16198
百草園,139.431375,35.657375,7506
布田,139.551715,35.649860000000004,26990
平山城址公園,139.379895,35.647310000000004,1474
多磨霊園,139.50212,35.66636,31465
国領,139.55843,35.650185,34367
京王八王子,139.3429775,35.65805,113753
分倍河原,139.468355,35.668065,25989
西調布,139.529505,35.65732,19997
南平,139.39257500000002,35.65514,11102
聖蹟桜ヶ丘,139.44687333333331,35.65078666666667,63775
府中,139.4801,35.67219,84554
東府中,139.4954,35.668769999999995,37353
府中競馬正門前,139.485165,35.668355,83753
高尾,139.28170999999998,35.641655,17857
山田,139.320755,35.644355,12206
めじろ台,139.308514,35.643643999999995,25148
京王片倉,139.33696,35.644360000000006,6057
北野,139.354154,35.644496000000004,15332
高尾山口,139.269815,35.63238,8009
狭間,139.293645,35.64059,26102
京王よみうりランド,139.51720250000002,35.632965,5827
橋本,139.34354000000002,35.59521,0
京王堀之内,139.400325,35.624475000000004,34057
南大沢,139.3798,35.6140725,38471
京王多摩センター,139.42416500000002,35.625225,42634
多摩境,139.36696999999998,35.6017975,25416
若葉台,139.47234,35.619365,9738
京王永山,139.44816500000002,35.6302525,30718
稲城,139.5002342857143,35.63614428571429,2042
調布,139.544735,35.65177,63288
京王稲田堤,139.53194272727274,35.634168181818175,0
京王多摩川,139.53616333333332,35.64394166666667,16880
多摩動物公園,139.40570666666667,35.64964,2853
高幡不動,139.4131,35.662274999999994,15297
白井,140.054075,35.78475,0
秋山,139.93144333333333,35.765440000000005,0
大町,139.97334,35.77515,0
小室,140.0760625,35.7870375,0
印旛日本医大,140.20275900000001,35.787815499999994,0
印西牧の原,140.167134,35.803628,0
東松戸,139.94277499999998,35.76981,0
千葉ニュータウン中央,140.1162625,35.800219999999996,0
新鎌ヶ谷,139.998355,35.779610000000005,0
松飛台,139.95757,35.775332500000005,0
西白井,140.031745,35.784440000000004,0
京成高砂,139.86659,35.75087,28208
北国分,139.91422,35.76286,0
新柴又,139.87982,35.75135,19190
矢切,139.900555,35.757505,0
戸塚安行,139.75377500000002,35.85907,0
東川口,139.74367,35.87662,0
南鳩ヶ谷,139.736095,35.81608,0
鳩ヶ谷,139.73615999999998,35.830799999999996,0
浦和美園,139.727825,35.893675,0
赤羽岩淵,139.72211,35.783355,69560
川口元郷,139.72986333333333,35.799960000000006,0
新井宿,139.738115,35.84295,0
高幡不動,139.415235,35.66129,12673
立川北,139.412665,35.699525,211116
松が谷,139.422035,35.631795,47372
程久保,139.410755,35.65523,13174
桜街道,139.41655500000002,35.739035,35992
多摩動物公園,139.403815,35.648534999999995,2853
泉体育館,139.419565,35.718845,18020
多摩センター,139.422785,35.623855,42525
高松,139.413275,35.710045,4403
玉川上水,139.41774333333333,35.732123333333334,28160
上北台,139.415865,35.74576,29233
甲州街道,139.409155,35.67825,9700
中央大学・明星大学,139.408725,35.641885,5775
立飛,139.41707,35.71427,11060
立川南,139.412575,35.696169999999995,219438
砂川七番,139.41810500000003,35.723385,13996
万願寺,139.41986,35.671315,5686
柴崎体育館,139.40928000000002,35.689800000000005,45562
大塚・帝京大学,139.416445,35.63686,13076
相模大野,139.437885,35.5322,0
鶴間,139.45064,35.490570000000005,0
中央林間,139.4441,35.508005,0
東林間,139.43902500000002,35.5201925,0
南林間,139.448005,35.495599999999996,0
湘南台,139.46647000000002,35.396545,0
長後,139.465325,35.41225,0
藤沢,139.48712,35.338595,0
鵠沼海岸,139.47122000000002,35.320750000000004,0
本鵠沼,139.47529,35.331035,0
桜ヶ丘,139.46573999999998,35.45053,0
大和,139.46147000000002,35.469845,0
六会日大前,139.47072,35.38376,0
藤沢本町,139.47584,35.34821,0
善行,139.473265,35.36259,0
片瀬江ノ島,139.482925,35.309309999999996,0
高座渋谷,139.46471,35.432145,0
代々木八幡,139.6890442857143,35.669715714285715,27607
喜多見,139.58674333333332,35.63648666666667,21218
豪徳寺,139.64699666666667,35.65370333333333,18672
下北沢,139.667345,35.661445,41226
南新宿,139.69871666666666,35.68361000000001,1019876
千歳船橋,139.62453,35.64767500000001,45725
参宮橋,139.69358499999998,35.678605000000005,78145
祖師ヶ谷大蔵,139.609795,35.643265,39283
梅ヶ丘,139.65355,35.65602,21681
新宿,139.69966666666667,35.69124,1095987
世田谷代田,139.66160000000002,35.658355,47588
東北沢,139.67304000000001,35.665440000000004,60056
経堂,139.6370825,35.6513075,36789
成城学園前,139.59908000000001,35.640135,35092
代々木上原,139.6796325,35.6688975,22822
町田,139.44500250000002,35.543845000000005,208983
狛江,139.577384,35.63225,20575
読売ランド前,139.52804,35.614734999999996,0
生田,139.5418,35.614940000000004,0
和泉多摩川,139.57371999999998,35.627415,16334
百合ヶ丘,139.51608,35.609025,0
柿生,139.49755,35.589569999999995,0
玉川学園前,139.46344,35.563509999999994,15052
相模大野,139.437885,35.5322,0
小田急相模原,139.423025,35.515555,0
登戸,139.5693925,35.6208825,2100
相武台前,139.408545,35.499359999999996,0
向ヶ丘遊園,139.56461000000002,35.61728,0
鶴川,139.48182500000001,35.583110000000005,1399
新百合ヶ丘,139.507475,35.603705,0
小田原,139.15543,35.256355,0
海老名,139.3910975,35.4529475,0
愛甲石田,139.344155,35.417770000000004,0
新松田,139.13945,35.34461,0
足柄,139.154505,35.271770000000004,0
座間,139.39988499999998,35.48099,0
栢山,139.142575,35.310649999999995,0
厚木,139.37796333333333,35.44307666666666,0
本厚木,139.364375,35.43921,0
秦野,139.22608000000002,35.37007,0
鶴巻温泉,139.277135,35.38055249999999,0
開成,139.13581,35.326495,0
伊勢原,139.313795,35.39609,0
富水,139.14516,35.29677,0
渋沢,139.1845475,35.374055,0
東海大学前,139.27094,35.372915000000006,0
螢田,139.151955,35.28507,0
五月台,139.493385,35.600229999999996,0
新百合ヶ丘,139.507475,35.603705,0
唐木田,139.411675,35.616565,6785
小田急多摩センター,139.424375,35.62493,42634
黒川,139.47075,35.6131375,0
栗平,139.481295,35.60575,1372
はるひ野,139.46498,35.61841,9738
小田急永山,139.4481325,35.6298975,30718
御岳山,139.153765,35.78963,114
滝本,139.16155,35.79603,0
天王洲アイル,139.750905,35.62287,34987
大井競馬場前,139.74720000000002,35.59503,8318
モノレール浜松町,139.75666999999999,35.655745,173444
羽田空港第1ビル,139.78461000000001,35.54914,0
天空橋,139.75459999999998,35.548355,4925
整備場,139.75336,35.555099999999996,16183
羽田空港第2ビル,139.78820000000002,35.550795,0
流通センター,139.749185,35.581445,5675
昭和島,139.74992666666668,35.57067,9746
新整備場,139.7867975,35.542792500000004,0
羽田空港国際線ビル,139.76858349999998,35.543912750000004,0
仲御徒町,139.77618999999999,35.706655,399378
入谷,139.78455000000002,35.720675,88084
南千住,139.79878,35.73231,41746
上野,139.77698600000002,35.711462,324293
三ノ輪,139.791165,35.729285000000004,51622
秋葉原,139.77552666666665,35.69793,419618
北千住,139.8055625,35.74981,109493
神谷町,139.74472500000002,35.662625,163219
銀座,139.763958,35.672016,929015
広尾,139.72219333333337,35.651783333333334,68293
東銀座,139.76741166666667,35.66932333333333,886320
霞ヶ関,139.75106,35.673874999999995,229240
人形町,139.78249499999998,35.686077499999996,676632
茅場町,139.77965999999998,35.679140000000004,790522
六本木,139.731155,35.662800000000004,97925
小伝馬町,139.778808,35.690364,417232
八丁堀,139.77742,35.675509999999996,630150
築地,139.77254833333336,35.667984999999994,683705
日比谷,139.7606925,35.6742075,904116
恵比寿,139.70856,35.646915,150061
中目黒,139.69892750000002,35.6441875,95618
上野,139.77535749999998,35.7117625,322860
浅草,139.79776666666666,35.71073666666667,108301
末広町,139.77176999999998,35.70284,522043
稲荷町,139.78212,35.71140333333333,277532
田原町,139.79034666666666,35.70990666666666,132879
上野広小路,139.77296666666666,35.7076,486151
虎ノ門,139.75012,35.670159999999996,193331
外苑前,139.717825,35.670375,143318
日本橋,139.77335000000002,35.68190333333333,904684
溜池山王,139.74188999999998,35.671546666666664,90536
銀座,139.76527666666667,35.671413333333334,935264
青山一丁目,139.72411666666667,35.672779999999996,46235
京橋,139.77017,35.6767975,1240604
新橋,139.75819166666668,35.66748833333333,721769
神田,139.77089,35.693715,626594
赤坂見附,139.737365,35.6768325,73120
三越前,139.7735925,35.687152499999996,723613
表参道,139.71249,35.66506333333333,479832
渋谷,139.702705,35.659107000000006,659248
後楽園,139.75106,35.707315,76819
御茶ノ水,139.764405,35.70043,361487
本郷三丁目,139.76011000000003,35.70675333333333,95894
新高円寺,139.64851,35.69786,54107
南阿佐ヶ谷,139.635575,35.699455,32734
荻窪,139.61975999999999,35.704175,65851
茗荷谷,139.736895,35.7172,37251
新中野,139.66951,35.697475,126335
東高円寺,139.658295,35.697964999999996,52558
池袋,139.71115,35.730345,609175
新大塚,139.72940666666668,35.72609333333333,86807
中野坂上,139.682205,35.697085,101834
東京,139.76479999999998,35.681934999999996,1025914
国会議事堂前,139.74534166666666,35.674845000000005,79089
淡路町,139.76745499999998,35.694869999999995,358223
四谷三丁目,139.719325,35.687835,57275
銀座,139.7639025,35.673195,926419
霞ヶ関,139.75268,35.674234999999996,205031
四ツ谷,139.73003999999997,35.68425125,73192
大手町,139.76617666666667,35.68677,744523
赤坂見附,139.737365,35.6768325,73120
西新宿,139.69256000000001,35.694514999999996,515367
新宿三丁目,139.70421,35.69118,1078481
新宿御苑前,139.710915,35.688525,591546
新宿,139.70059,35.69244,1113641
中野坂上,139.682205,35.697085,101834
中野新橋,139.674005,35.6916975,103754
方南町,139.657935,35.683515,21413
中野富士見町,139.668155,35.69082,27891
原木中山,139.941915,35.7033,0
妙典,139.924115,35.6908675,0
飯田橋,139.7466557142857,35.70133285714285,88969
中野,139.665605,35.70574,118489
落合,139.685965,35.710634999999996,32105
神楽坂,139.73452,35.703865,62294
高田馬場,139.70504499999998,35.71328,56760
早稲田,139.72219,35.70568,47479
大手町,139.76590666666667,35.68472333333334,843294
茅場町,139.77933666666664,35.68032,789646
門前仲町,139.79624800000002,35.671828000000005,61421
木場,139.80712333333335,35.66935333333333,78302
浦安,139.89314000000002,35.665855,871
九段下,139.751265,35.696085000000004,85757
竹橋,139.75767000000002,35.69044,133619
葛西,139.87230875,35.66363,51843
南砂町,139.831695,35.668414999999996,85560
行徳,139.9144625,35.682847499999994,804
南行徳,139.9023975,35.6728325,0
西葛西,139.85935500000002,35.66458333333333,61462
日本橋,139.7739766666667,35.68242333333333,806518
東陽町,139.81768,35.66959,98540
西船橋,139.95875,35.707314999999994,0
本駒込,139.7538033333333,35.72441333333333,51781
飯田橋,139.74369142857142,35.70149,86923
後楽園,139.75178666666667,35.70842666666667,72011
西ヶ原,139.74226,35.745945,21810
駒込,139.74685333333335,35.73601,49647
東大前,139.75783199999998,35.718112000000005,49215
王子,139.7374111111111,35.75438666666667,31755
志茂,139.73250000000002,35.778025,37650
王子神谷,139.7357,35.76509,46333
赤羽岩淵,139.72211,35.783355,69560
永田町,139.73923799999997,35.678364,76932
四ツ谷,139.72966,35.68597666666667,74751
麻布十番,139.73704500000002,35.65481,77534
溜池山王,139.74129000000002,35.67293333333333,86891
市ヶ谷,139.73645750000003,35.693025,62256
六本木一丁目,139.7389,35.665075,108153
白金高輪,139.734285,35.643145000000004,56165
飯田橋,139.7433075,35.701475,81516
池袋,139.70772,35.731480000000005,555937
千川,139.6894,35.738175,45221
地下鉄成増,139.63117,35.776740000000004,35457
東池袋,139.718865,35.72595,417633
池袋,139.71088500000002,35.729185,609866
江戸川橋,139.73413,35.709295,55965
平和台,139.65429999999998,35.757554999999996,37754
小竹向原,139.67952000000002,35.743395,36502
氷川台,139.66547,35.74962,18966
護国寺,139.72744999999998,35.71918,38260
要町,139.69848000000002,35.733215,68927
地下鉄赤塚,139.64359666666667,35.77021666666667,30817
和光市,139.612865,35.78835,0
新富町,139.77377333333334,35.670456666666674,736457
麹町,139.73735,35.684785000000005,84810
市ヶ谷,139.73701499999999,35.69276,62256
豊洲,139.79602,35.65512833333333,21891
有楽町,139.762342,35.675962000000006,979088
月島,139.78452333333334,35.6646,52460
桜田門,139.75181400000002,35.677442,129539
銀座一丁目,139.76681499999998,35.67449833333333,1285024
辰巳,139.81033,35.645775,41008
新木場,139.82660499999997,35.64578,8865
永田町,139.74189666666666,35.677861666666665,84383
西日暮里,139.76696333333334,35.73239,55790
千駄木,139.76337500000002,35.7259875,54712
新御茶ノ水,139.76545,35.696925,378765
北綾瀬,139.83209499999998,35.77689,32831
町屋,139.78010799999998,35.74216199999999,44024
北千住,139.80438666666666,35.74912666666666,108620
湯島,139.76998,35.706786666666666,484945
根津,139.76575000000003,35.717325,34684
綾瀬,139.82489,35.762285000000006,39989
二重橋前,139.76178,35.680505,555697
日比谷,139.75876499999998,35.673955,920188
乃木坂,139.72621500000002,35.6665925,116624
赤坂,139.73644000000002,35.67211333333333,90312
大手町,139.763285,35.685249999999996,333882
国会議事堂前,139.74305333333336,35.673543333333335,87649
霞ヶ関,139.75177000000002,35.672560000000004,237351
代々木公園,139.68965,35.66912333333334,26941
表参道,139.71140333333332,35.665623333333336,465315
代々木上原,139.6796325,35.6688975,22822
明治神宮前,139.70379666666665,35.66918333333333,246664
押上,139.81369,35.70868333333333,72464
錦糸町,139.81493666666668,35.69770333333333,161505
神保町,139.75766499999997,35.695975000000004,166467
水天宮前,139.78512750000002,35.6830475,206998
九段下,139.75121000000001,35.69552,85757
住吉,139.81568,35.6886025,116678
永田町,139.73897,35.67841666666667,76932
半蔵門,139.741695,35.685379999999995,82298
三越前,139.7734375,35.6848625,767887
大手町,139.764905,35.686745,715409
清澄白河,139.79974166666668,35.682115,42629
青山一丁目,139.72404666666668,35.67294666666667,44100
渋谷,139.701035,35.65945,648074
表参道,139.7124,35.66516333333333,479832
白金台,139.72586,35.63777,61427
目黒,139.71566,35.632485,87572
渋谷,139.70258433333333,35.659098666666665,659248
明治神宮前,139.70525,35.6682175,298902
新宿三丁目,139.704586,35.690284,1063249
東新宿,139.70789666666667,35.70010666666666,93807
北参道,139.70564333333334,35.67823666666667,62369
西早稲田,139.70916,35.70799333333333,53808
雑司が谷,139.714715,35.7202,252148
こどもの国,139.48666500000002,35.558,0
恩田,139.49218,35.54558,0
長津田,139.4941,35.53193,2696
下高井戸,139.64156000000003,35.66585499999999,22466
若林,139.65991,35.645925000000005,80474
宮の坂,139.64492,35.64755,35615
山下,139.64643714285714,35.654245714285715,16737
世田谷,139.65084000000002,35.643495,25936
松原,139.64189499999998,35.6602,23570
松陰神社前,139.65499,35.643885,53106
三軒茶屋,139.669185,35.644104999999996,79348
上町,139.6463775,35.643600000000006,32101
西太子堂,139.66635,35.64452,88087
大井町,139.73401,35.60771666666667,81496
戸越公園,139.71839,35.60893,60906
下神明,139.72631,35.60871,67633
二子玉川,139.626494,35.611515,96129
北千束,139.69326999999998,35.60628,48324
上野毛,139.63891333333333,35.61199,17735
旗の台,139.70221,35.604929999999996,52911
等々力,139.64796,35.60837,28911
緑が丘,139.67915,35.606475,66962
九品仏,139.66101,35.605375,58116
大岡山,139.68485666666666,35.60707,33362
自由が丘,139.66897,35.607395,96597
中延,139.71255,35.605720000000005,48912
尾山台,139.65412,35.606935,38883
荏原町,139.707545,35.603809999999996,50786
大崎広小路,139.722355,35.622305,97364
五反田,139.7240666666667,35.62507,85053
戸越銀座,139.715,35.61601,105413
旗の台,139.703315,35.605135000000004,49927
荏原中延,139.71203,35.609899999999996,85936
雪が谷大塚,139.681125,35.591965,38060
石川台,139.68509,35.59686,26662
御嶽山,139.68242,35.58515333333333,32341
長原,139.69797,35.60223,42035
洗足池,139.690925,35.599675000000005,32245
蓮沼,139.7086,35.563959999999994,120387
久が原,139.68567000000002,35.579454999999996,28511
池上,139.70284249999997,35.571945,64585
蒲田,139.71459,35.56177,106372
千鳥町,139.69142,35.573,50802
渋谷,139.701035,35.65945,648074
三軒茶屋,139.67115833333332,35.64334333333334,75522
二子玉川,139.626494,35.611515,96129
二子新地,139.6226833333333,35.60727333333333,90451
駒沢大学,139.66096499999998,35.633035,25163
梶が谷,139.6057175,35.593785,0
高津,139.617665,35.60346,0
用賀,139.63424666666666,35.62658,57135
宮崎台,139.59085,35.587089999999996,0
池尻大橋,139.68471,35.65071,40141
宮前平,139.582255,35.584959999999995,0
桜新町,139.64536666666666,35.6317,35279
溝の口,139.61054,35.59977714285714,0
青葉台,139.5173,35.542855,0
つきみ野,139.45855666666668,35.51051666666667,0
市が尾,139.54126,35.551265,0
中央林間,139.445115,35.50781,0
長津田,139.494245,35.53183,2696
たまプラーザ,139.55865,35.577405,0
あざみ野,139.55354666666668,35.56878,0
すずかけ台,139.48174749999998,35.5170975,2256
田奈,139.5045925,35.5359225,0
藤が丘,139.52758,35.5434,0
鷺沼,139.573025,35.579612499999996,0
江田,139.55140999999998,35.558535,0
つくし野,139.48494,35.527065,4291
南町田,139.47044,35.511515,21894
多摩川,139.66876000000002,35.58941,20261
代官山,139.70349,35.64825,182455
中目黒,139.69892750000002,35.6441875,95618
祐天寺,139.69074999999998,35.63717,42306
自由が丘,139.66871250000003,35.6072975,94365
学芸大学,139.68524,35.62877,69111
多摩川,139.66868,35.589645000000004,20261
都立大学,139.67644,35.617850000000004,83975
渋谷,139.70258433333333,35.659098666666665,659248
田園調布,139.667285,35.59729,28862
反町,139.62535800000003,35.47421799999999,0
綱島,139.634795,35.536815000000004,0
元住吉,139.654715,35.565704999999994,0
大倉山,139.62982399999999,35.5225,0
武蔵小杉,139.65972666666667,35.575943333333335,0
横浜,139.62234999999998,35.466435000000004,0
日吉,139.64703,35.55399,0
菊名,139.63130666666666,35.510513333333336,0
新丸子,139.66194000000002,35.58046,0
東白楽,139.629525,35.4834,0
白楽,139.62792142857143,35.48950285714286,0
妙蓮寺,139.633305,35.498775,0
多摩川,139.66876000000002,35.58941,20261
沼部,139.67317,35.58249,8288
武蔵新田,139.692435,35.567755000000005,46723
矢口渡,139.70033999999998,35.56245,46829
鵜の木,139.68054999999998,35.575385,28429
蒲田,139.71468000000002,35.56164999999999,106372
下丸子,139.68549000000002,35.571325,40183
目黒,139.71566,35.632485,87572
田園調布,139.667285,35.59729,28862
不動前,139.71315,35.62542333333334,128460
洗足,139.69410499999998,35.61009,45314
奥沢,139.67241,35.603944999999996,82343
西小山,139.69871,35.615435000000005,52021
武蔵小山,139.70447000000001,35.620509999999996,103345
大岡山,139.68482666666668,35.6072,33362
天王洲アイル,139.75088499999998,35.62072,27135
東京テレポート,139.77805999999998,35.627085,30831
大崎,139.727895,35.619749999999996,65552
東雲,139.80416,35.640820000000005,38975
新木場,139.82659999999998,35.645830000000004,8865
大井町,139.734355,35.607385,82678
国際展示場,139.791695,35.63441,17502
品川シーサイド,139.749795,35.609790000000004,42068
浅草,139.796595,35.70899,113034
蔵前,139.791065,35.7033225,70546
本所吾妻橋,139.80447333333333,35.70859333333333,90406
浅草橋,139.786455,35.697604999999996,98728
押上,139.81241,35.71022,41103
高輪台,139.7301925,35.631544999999996,79254
三田,139.74934399999998,35.647842000000004,116290
戸越,139.716375,35.614425,91983
日本橋,139.77577750000003,35.681605000000005,820179
新橋,139.7590175,35.664915,494925
五反田,139.72418499999998,35.62711,110825
宝町,139.772092,35.675666,1082905
泉岳寺,139.73973,35.638130000000004,78971
東銀座,139.76715166666665,35.669651666666674,886320
東日本橋,139.78477875,35.69171,111472
大門,139.754682,35.65672,179916
人形町,139.78204000000002,35.68627,575347
中延,139.71359,35.605175,45220
西馬込,139.70632,35.587305,30096
馬込,139.7118366666667,35.59636666666666,25939
水道橋,139.755102,35.703704,125082
白山,139.75229666666667,35.72155,44855
千石,139.744745,35.727965,38296
春日,139.753228,35.709998,69478
巣鴨,139.738035,35.733779999999996,66321
新板橋,139.71936499999998,35.74884,37244
西高島平,139.64568500000001,35.791895,8153
板橋区役所前,139.710055,35.751305,64082
新高島平,139.65433000000002,35.79022,28759
本蓮沼,139.70211,35.768985,32871
西巣鴨,139.728725,35.743415,32311
高島平,139.661295,35.788934999999995,51316
志村坂上,139.69473,35.77634,69003
板橋本町,139.705605,35.7611,38162
西台,139.67268,35.78708,52186
蓮根,139.67906,35.784054999999995,75142
志村三丁目,139.68586,35.777465,59524
目黒,139.71566,35.632485,87572
日比谷,139.76014500000002,35.67662,979846
内幸町,139.75540999999998,35.669322,619014
白金高輪,139.734285,35.643145000000004,56165
白金台,139.72586,35.63777,61427
神保町,139.75842833333334,35.69489333333333,165569
大手町,139.76261,35.68407,430974
御成門,139.75148666666666,35.66097666666667,232585
芝公園,139.749765,35.653747499999994,130204
三田,139.7489,35.64822,116290
本八幡,139.92687999999998,35.723349999999996,0
神保町,139.75784499999997,35.6960275,166467
篠崎,139.903885,35.70612,23106
九段下,139.75121000000001,35.69552,85757
西大島,139.82629666666665,35.68934333333333,61333
曙橋,139.72258,35.69233,71760
東大島,139.84727999999998,35.689864,20925
岩本町,139.77528833333335,35.695568333333334,308318
菊川,139.80610333333334,35.688406666666666,49747
大島,139.834384,35.689766,57913
船堀,139.863855,35.683785,30831
小川町,139.76674200000002,35.695168,371364
市ヶ谷,139.73738500000002,35.691455000000005,81804
瑞江,139.89781,35.69339,29744
馬喰横山,139.782845,35.692074999999996,130601
浜町,139.788125,35.68859,97312
一之江,139.88289,35.68594,37014
森下,139.7979775,35.688050000000004,63180
住吉,139.815875,35.6889575,116678
新宿,139.69861500000002,35.68843,1073674
新宿三丁目,139.706535,35.690839999999994,1070848
本郷三丁目,139.76072,35.707570000000004,94887
春日,139.75204333333332,35.70849666666667,69728
両国,139.79742666666667,35.69682,68143
上野御徒町,139.772914,35.707974,416428
蔵前,139.79229333333333,35.70549166666667,91682
新御徒町,139.78187000000003,35.707007999999995,349410
飯田橋,139.74573333333333,35.70309666666667,85763
東新宿,139.70769,35.697895,646765
牛込柳町,139.72519,35.69946,50371
新江古田,139.67056666666667,35.73249,35961
練馬,139.65456999999998,35.737314999999995,54067
落合南長崎,139.68345750000003,35.723435,34052
牛込神楽坂,139.73604,35.700915,76754
光が丘,139.62923999999998,35.75847,53743
豊島園,139.649205,35.74161,41183
東中野,139.68325,35.70737,40368
練馬春日町,139.64076,35.751360000000005,21520
若松河田,139.718185,35.699164999999994,52576
中井,139.68631,35.713865,37545
中野坂上,139.68295999999998,35.697874999999996,102440
大門,139.7557225,35.6566775,179916
六本木,139.73127499999998,35.664064999999994,92850
汐留,139.76133249999998,35.66499,609105
門前仲町,139.795106,35.672752,43326
森下,139.79819799999999,35.687982,63180
築地市場,139.76675,35.66496,519587
青山一丁目,139.72400666666667,35.672866666666664,44100
麻布十番,139.736105,35.65649,92023
勝どき,139.77713333333332,35.65893333333334,48486
清澄白河,139.798654,35.683018,45754
月島,139.7840183333333,35.663846666666664,52460
赤羽橋,139.744195,35.654970000000006,104989
新宿,139.69935,35.687625,1063172
西新宿五丁目,139.684665,35.689899999999994,131179
都庁前,139.69262500000002,35.69059,1050860
新宿西口,139.69916,35.693160000000006,1111219
国立競技場,139.71472000000003,35.67989333333333,23600
代々木,139.701525,35.68378,999551
荒川車庫前,139.752805,35.75086,23656
王子駅前,139.73822666666666,35.75273000000001,32182
梶原,139.7473,35.75107,32022
荒川遊園地前,139.75745333333333,35.75065,31030
荒川七丁目,139.784045,35.742000000000004,36674
熊野前,139.76928,35.749179999999996,31159
三ノ輪橋,139.791505,35.73222,46672
荒川二丁目,139.78469,35.738600000000005,46334
町屋二丁目,139.776425,35.743915,46925
宮ノ前,139.765765,35.749885,28313
荒川区役所前,139.78601,35.735365,41493
小台,139.761735,35.75049,31804
東尾久三丁目,139.77381666666668,35.745646666666666,48394
町屋駅前,139.780775,35.742775,43236
荒川一中前,139.788805,35.733689999999996,45252
栄町,139.74222,35.75084,28692
早稲田,139.719055,35.711875,37034
庚申塚,139.729555,35.739125,61508
滝野川一丁目,139.735415,35.747299999999996,26635
面影橋,139.714675,35.712855,49665
西ヶ原四丁目,139.732685,35.744235,32203
学習院下,139.71231,35.71575,254161
新庚申塚,139.73035,35.741105000000005,58753
東池袋四丁目,139.720735,35.7255,420204
向原,139.724805,35.728764999999996,97258
飛鳥山,139.73732,35.750065,29669
大塚駅前,139.729455,35.73162,109151
巣鴨新田,139.72791,35.73516,105390
都電雑司ヶ谷,139.71781666666666,35.724066666666666,413067
鬼子母神前,139.715155,35.72058,251963
上野動物園西園,139.76969000000003,35.714315,185738
上野動物園東園,139.76999999999998,35.71588,148958
見沼代親水公園,139.7707,35.814605,5619
舎人,139.77013499999998,35.80572,14452
舎人公園,139.77012,35.796665000000004,12067
西新井大師西,139.77014,35.78116,40971
江北,139.77034500000002,35.773785000000004,30494
高野,139.77071999999998,35.768254999999996,16962
足立小台,139.770205,35.754635,23195
谷在家,139.7701,35.78868,27432
扇大橋,139.77085,35.764134999999996,15989
西日暮里,139.76812999999999,35.733684999999994,51877
赤土小学校前,139.76913000000002,35.74306,49721
熊野前,139.769925,35.748245,40555
日暮里,139.77116,35.728795000000005,49097
伊東,139.092105,34.974835,0
来宮,139.06556999999998,35.09872,0
伊豆多賀,139.06691,35.05948333333333,0
宇佐美,139.079785,35.005635,0
網代,139.08106857142857,35.043510000000005,0
熱海,139.078078,35.10373,0
鴻野山,140.051685,36.666444999999996,0
滝,140.13824499999998,36.64857,0
烏山,140.1551,36.65041,0
仁井田,140.029625,36.657275,0
小塙,140.11664000000002,36.643105,0
大金,140.0957,36.656279999999995,0
下野花岡,140.00867499999998,36.649985,0
宝積寺,139.97952,36.631625,0
秋田,140.12949500000002,39.717299999999994,0
羽後牛島,140.1165,39.695859999999996,0
桂根,140.06640249999998,39.6475475,0
下浜,140.06452666666667,39.619683333333334,0
新屋,140.08774499999998,39.677437499999996,0
羽後本荘,140.05759999999998,39.38686,0
羽前大山,139.76797666666667,38.74213,0
東酒田,139.875265,38.907565000000005,0
酒田,139.845915,38.92221,0
折渡,140.09113000000002,39.476395,0
吹浦,139.87863666666667,39.070040000000006,0
岩城みなと,140.05487,39.546155,0
西袋,139.907715,38.81151,0
女鹿,139.88097,39.09875,0
南鳥海,139.89871499999998,38.98743,0
西目,140.01874500000002,39.34776,0
遊佐,139.905135,39.01599,0
金浦,139.92076666666665,39.25626666666667,0
羽後岩谷,140.08937,39.44162,0
羽前水沢,139.731545,38.71356,0
鶴岡,139.83539000000002,38.740095,0
羽後亀田,140.06302,39.493894999999995,0
象潟,139.9022725,39.20763,0
小砂川,139.88572,39.137600000000006,0
砂越,139.90733,38.895134999999996,0
仁賀保,139.96465999999998,39.28979666666667,0
上浜,139.9029,39.16469,0
本楯,139.88196333333332,38.968556666666665,0
藤島,139.89407,38.768635,0
余目,139.911315,38.844365,0
北余目,139.90812499999998,38.86754,0
道川,140.05707,39.560604999999995,0
月岡,139.27245666666667,37.88933666666667,0
間島,139.450255,38.273044999999996,0
岩船町,139.45968,38.183485000000005,0
村上,139.46331500000002,38.21988,0
加治,139.358555,37.976510000000005,0
あつみ温泉,139.5879075,38.624249999999996,0
小岩川,139.56596666666667,38.59041,0
中浦,139.3027625,37.912197500000005,0
平木田,139.42791666666668,38.094390000000004,0
越後早川,139.449945,38.316379999999995,0
越後寒川,139.49005,38.448765,0
小波渡,139.64968,38.692415,0
金塚,139.37955499999998,38.020300000000006,0
水原,139.21719249999998,37.83656,0
神山,139.244845,37.86287,0
五十川,139.616095,38.67064,0
三瀬,139.67340000000002,38.6994575,0
今川,139.46838,38.410145,0
平林,139.459025,38.150095,0
鼠ヶ関,139.54880666666668,38.555589999999995,0
勝木,139.51747,38.490269999999995,0
京ヶ瀬,139.178475,37.817625,0
府屋,139.53043250000002,38.5134775,0
桑川,139.458795,38.37518,0
中条,139.39800000000002,38.04989,0
新津,139.12121,37.8003,0
新発田,139.33497666666668,37.94385333333333,0
坂町,139.44583666666665,38.11928666666667,0
柏崎,138.55642,37.363555,0
岩室,138.879995,37.721424999999996,0
越後赤塚,138.908175,37.816,0
分水,138.839395,37.629165,0
小島谷,138.771345,37.57456,0
東柏崎,138.56591400000002,37.374048,0
白山,139.030046,37.911836,0
内野,138.9368825,37.858487499999995,0
刈羽,138.61965,37.429995,0
吉田,138.878565,37.687125,0
小木ノ城,138.70421666666667,37.515629999999994,0
新潟大学前,138.954575,37.869185,0
西中通,138.592825,37.392545,0
巻,138.88959499999999,37.756985,0
妙法寺,138.74211000000003,37.566445,0
青山,139.000875,37.89857000000001,0
越後曽根,138.911095,37.793495,0
北吉田,138.88222,37.702005,0
西山,138.64182499999998,37.448265,0
関屋,139.015155,37.906135,0
礼拝,138.66356000000002,37.459,0
寺尾,138.97394999999997,37.879196666666665,0
内野西が丘,138.926725,37.84614,0
荒浜,138.60195,37.40473,0
小針,138.991125,37.8895,0
粟生津,138.8735,37.65397,0
寺泊,138.81446499999998,37.62027,0
石地,138.68826,37.484125,0
南吉田,138.871045,37.671975,0
桐原,138.79251200000002,37.601772,0
出雲崎,138.71625,37.531825,0
新潟,139.06124666666668,37.91223,0
川部,140.52161,40.64707,0
青森,140.73465,40.83032,0
大館,140.55578500000001,40.28808,0
東能代,140.065725,40.191575,0
追分,140.057815,39.809960000000004,0
大張野,140.27414,39.663574999999994,0
大鰐温泉,140.56702333333334,40.52155333333334,0
下川沿,140.49663666666666,40.27635333333333,0
石川,140.53076,40.556135,0
大釈迦,140.587825,40.75667,0
弘前,140.48481333333334,40.60021666666666,0
碇ヶ関,140.622415,40.479020000000006,0
富根,140.17266,40.21798,0
大久保,140.06305,39.870905,0
北金岡,140.06345,40.141835,0
秋田,140.12949500000002,39.717299999999994,0
羽後境,140.32056,39.619195000000005,0
糠沢,140.397495,40.250685,0
羽後飯塚,140.07338,39.898965,0
鶴ヶ坂,140.635145,40.79117,0
鷹ノ巣,140.36966999999999,40.2322025,0
陣場,140.60763500000002,40.399015,0
上飯島,140.06844999999998,39.779335,0
鯉川,140.07754,39.996345000000005,0
森岳,140.07081,40.103215000000006,0
四ツ小屋,140.14489500000002,39.66193,0
八郎潟,140.07852,39.947829999999996,0
秋田,140.12975,39.71755,0
和田,140.218755,39.650875,0
浪岡,140.58095,40.71044,0
二ツ井,140.235655,40.212495000000004,0
白沢,140.59171,40.33812,0
長峰,140.60311000000002,40.516075,0
鶴形,140.11856999999998,40.203920000000004,0
撫牛子,140.497815,40.62153,0
前山,140.3124466666667,40.214769999999994,0
早口,140.447465,40.27133,0
井川さくら,140.07598000000002,39.911665,0
鹿渡,140.0826,40.044645,0
土崎,140.07344999999998,39.758905,0
北常盤,140.54373,40.670609999999996,0
津軽新城,140.671495,40.82781,0
津軽湯の沢,140.63231,40.44212,0
新青森,140.693365,40.827555000000004,0
大曲,140.47954,39.46586,0
横手,140.56043499999998,39.31028,0
新庄,140.306105,38.762515,0
南新庄,140.31620999999998,38.72154666666666,0
福島,140.45962500000002,37.754310000000004,0
福島,140.45860333333334,37.753710000000005,0
高畠,140.15281,37.992335,0
村山,140.38642,38.4771,0
三関,140.4838,39.110195,0
神宮寺,140.425835,39.49541,0
かみのやま温泉,140.27845000000002,38.151905,0
大滝,140.32018,38.971465,0
芦沢,140.36106,38.655465,0
峰吉川,140.323035,39.566736666666664,0
漆山,140.34766666666667,38.31433,0
及位,140.361185,38.99296,0
大沢,140.20035,37.83731,0
下湯沢,140.502535,39.19733,0
羽前豊里,140.2423,38.836755,0
袖崎,140.391355,38.54827,0
羽前千歳,140.34214,38.287375,0
茂吉記念館前,140.29827,38.17136,0
大石田,140.375385,38.59582,0
舟形,140.31610666666666,38.69171333333333,0
真室川,140.254865,38.858305,0
庭坂,140.38983000000002,37.77155,0
峠,140.23591249999998,37.81198,0
峠,140.2358066666667,37.81214666666667,0
刈和野,140.3718125,39.54817249999999,0
中川,140.20348,38.093345,0
関根,140.14627000000002,37.864595,0
さくらんぼ東根,140.38076,38.42861,0
湯沢,140.48704500000002,39.163579999999996,0
乱川,140.374765,38.38681,0
南出羽,140.34465,38.30257,0
蔵王,140.303355,38.205884999999995,0
板谷,140.26816000000002,37.81133,0
天童,140.36943,38.36005666666667,0
山形,140.3274725,38.24845,0
横堀,140.451535,39.064705000000004,0
院内,140.413955,39.049625,0
上湯沢,140.485245,39.134135,0
羽前中山,140.218725,38.12511,0
飯詰,140.51527333333334,39.4063,0
釜淵,140.26398,38.932990000000004,0
赤岩,140.33499,37.805715,0
赤湯,140.14901,38.04723,0
東根,140.38409000000001,38.450945000000004,0
神町,140.37849,38.412310000000005,0
北大石田,140.37125500000002,38.62961,0
米沢,140.128285,37.909414999999996,0
醍醐,140.53855,39.24865,0
柳田,140.55383,39.276335,0
笹木野,140.42611,37.765879999999996,0
高擶,140.35883,38.330709999999996,0
泉田,140.310058,38.81181,0
後三年,140.53846333333334,39.36487666666667,0
十文字,140.52648499999998,39.221365000000006,0
北山形,140.332695,38.265935,0
置賜,140.14255,37.954055,0
衣笠,139.66099,35.25711,0
久里浜,139.70096,35.233066666666666,0
横須賀,139.65481333333332,35.28424,0
田浦,139.63752499999998,35.29284,0
東逗子,139.60182,35.298765,0
逗子,139.57835375,35.29740625,0
北鎌倉,139.54456499999998,35.33794,0
鎌倉,139.55042714285713,35.31927142857143,0
大船,139.531299235,35.353801942500006,0
新横浜,139.617425,35.506765,0
東神奈川,139.633165,35.477875,0
小机,139.59962000000002,35.508635,0
大口,139.64633500000002,35.492295,0
菊名,139.63024,35.509635,0
橋本,139.34502,35.594879999999996,0
中山,139.5393875,35.51468,0
成瀬,139.47296666666668,35.535379999999996,17478
相模原,139.37062250000002,35.581487499999994,0
町田,139.44659000000001,35.541545,206711
淵野辺,139.395334,35.568494,0
相原,139.33168,35.60693,0
八王子みなみ野,139.330965,35.631260000000005,10839
十日市場,139.51667,35.52621,0
長津田,139.4952575,35.5316325,0
矢部,139.38655,35.57309,0
鴨居,139.56695000000002,35.510850000000005,0
片倉,139.341165,35.639675,11158
古淵,139.41924,35.555980000000005,0
八王子,139.34025,35.655045,121067
松尾八幡平,141.04393499999998,39.96924,0
湯瀬温泉,140.84031499999998,40.122375000000005,0
八幡平,140.80445,40.142985,0
東大更,141.14222999999998,39.902604999999994,0
赤坂田,141.003945,40.04851,0
兄畑,140.882935,40.115944999999996,0
平館,141.085205,39.95087,0
安比高原,140.99732,40.012635,0
好摩,141.173675,39.87416,0
横間,141.02717,40.107505,0
小屋の畑,141.02068,40.076445,0
荒屋新町,141.04925,40.097714999999994,0
田山,140.94407999999999,40.13973,0
大更,141.10084999999998,39.914105,0
末広,140.73732,40.229895,0
鹿角花輪,140.78517,40.188535,0
陸中大里,140.79345,40.158545000000004,0
大館,140.55578500000001,40.28808,0
十二所,140.66818,40.21434,0
土深井,140.71305,40.22249,0
柴平,140.78805499999999,40.23077,0
沢尻,140.69326999999998,40.23034,0
扇田,140.5725,40.229295,0
東大館,140.554675,40.26616,0
十和田南,140.77067,40.255970000000005,0
大滝温泉,140.63962,40.20978,0
本千葉,140.12153333333333,35.60039,0
千葉,140.112875,35.6132825,0
蘇我,140.13065333333336,35.582323333333335,0
新茂原,140.299715,35.44943,0
八積,140.34535499999998,35.403954999999996,0
三門,140.391445,35.282920000000004,0
本納,140.30757,35.48216,0
安房鴨川,140.10370999999998,35.10762,0
鵜原,140.278965,35.14125,0
鎌取,140.178675,35.5627125,0
上総一ノ宮,140.365525,35.374685,0
御宿,140.351445,35.18754,0
行川アイランド,140.22571,35.118255,0
茂原,140.30407000000002,35.42683,0
長者町,140.38481000000002,35.296260000000004,0
東浪見,140.37664999999998,35.34677,0
永田,140.3112825,35.5033425,0
安房小湊,140.18977,35.128635,0
太東,140.38129,35.320094999999995,0
浪花,140.37913500000002,35.222635,0
誉田,140.213785,35.547,0
大原,140.39103333333333,35.25084666666667,0
勝浦,140.31197,35.15262,0
土気,140.26982,35.5309025,0
安房天津,140.15474,35.125789999999995,0
上総興津,140.25047,35.137215,0
大網,140.3111381818182,35.52238818181819,0
晴山,141.25781999999998,39.366635,0
綾織,141.47682,39.328405000000004,0
上有住,141.68153,39.24199,0
青笹,141.56893000000002,39.31148,0
岩手二日町,141.45603,39.32349,0
小佐野,141.83647000000002,39.264570000000006,0
土沢,141.232535,39.3833,0
新花巻,141.173015,39.40581,0
松倉,141.80150500000002,39.256460000000004,0
遠野,141.53067,39.33255,0
柏木平,141.37985500000002,39.306065000000004,0
洞泉,141.76019,39.25045,0
荒谷前,141.42844,39.30991,0
岩手上郷,141.58584,39.284555,0
陸中大橋,141.718515,39.280435,0
宮守,141.35029,39.351074999999994,0
鱒沢,141.399245,39.300155000000004,0
小山田,141.19398999999999,39.408575,0
平倉,141.595665,39.264675,0
花巻,141.110325,39.393745,0
足ヶ瀬,141.645875,39.254775,0
似内,141.140945,39.406855,0
岩根橋,141.31878,39.355222499999996,0
釜石,141.872745,39.273300000000006,0
陸前小泉,141.50906,38.766825,0
本吉,141.502,38.786010000000005,0
大谷海岸,141.56722000000002,38.81386,0
小金沢,141.534904,38.795724,0
松岩,141.58375,38.87338,0
気仙沼,141.558845,38.910025000000005,0
最知,141.5814,38.853285,0
不動の沢,141.562095,38.898655000000005,0
南気仙沼,141.57686,38.894785,0
陸前階上,141.58035,38.837175,0
志津川,141.442945,38.678129999999996,0
陸前戸倉,141.43335000000002,38.647954999999996,0
陸前横山,141.35393,38.630785,0
歌津,141.51918666666668,38.71775333333334,0
のの岳,141.22582,38.55266,0
陸前港,141.530895,38.738609999999994,0
蔵内,141.52425,38.753995,0
清水浜,141.48681499999998,38.690375,0
陸前豊里,141.24351000000001,38.58231,0
和渕,141.220465,38.525885,0
柳津,141.306355,38.611824999999996,0
御岳堂,141.26474000000002,38.60574,0
前谷地,141.194385,38.51209,0
木更津,139.92614399999997,35.38174,0
東横田,140.03593999999998,35.386160000000004,0
小櫃,140.05978,35.328245,0
上総亀山,140.089505,35.233185000000006,0
上総清川,139.96564333333333,35.390836666666665,0
久留里,140.075605,35.295795,0
平山,140.06465500000002,35.274294999999995,0
上総松丘,140.06403,35.258205000000004,0
下郡,140.05541,35.35499,0
横田,140.02013,35.386205000000004,0
東清川,139.98582,35.39,0
馬来田,140.058515,35.366820000000004,0
祗園,139.948385,35.391615,0
俵田,140.061415,35.314625,0
西船橋,139.9595325,35.707225,0
新習志野,140.012975,35.6674,0
市川塩浜,139.92352499999998,35.6662325,0
稲毛海岸,140.07396,35.629509999999996,0
検見川浜,140.059085,35.63717,0
南船橋,139.9957,35.681665,0
海浜幕張,140.041995,35.648399999999995,0
千葉みなと,140.10279500000001,35.60671,0
二俣新町,139.959555,35.69132,0
舞浜,139.88371999999998,35.636160000000004,0
東京,139.76520666666667,35.67769333333333,1153474
越中島,139.792495,35.668,35339
新浦安,139.91253,35.649519999999995,0
葛西臨海公園,139.861485,35.64417,4430
八丁堀,139.77819000000002,35.67462,616349
新木場,139.826845,35.645995,8865
潮見,139.81717,35.658865000000006,15012
蘇我,140.13065333333336,35.582323333333335,0
武蔵引田,139.270085,35.72969,7309
武蔵五日市,139.22812,35.732145,4389
武蔵増戸,139.256305,35.730955,4661
熊川,139.33573,35.72829,15117
秋川,139.28674999999998,35.728049999999996,33363
拝島,139.34337666666667,35.72131666666667,26028
東秋留,139.31167499999998,35.725935,8962
川部,140.52161,40.64707,0
林崎,140.48055,40.67525,0
松神,139.94664,40.53518,0
向能代,140.03922,40.225675,0
陸奥沢辺,139.89499999999998,40.58617,0
あきた白神,139.98802999999998,40.386489999999995,0
大戸瀬,140.03376500000002,40.759495,0
広戸,139.955715,40.67462,0
鰺ヶ沢,140.220695,40.775355000000005,0
白神岳登山口,139.950355,40.51349,0
沢目,140.03779,40.29606,0
藤崎,140.500085,40.653625,0
陸奥赤石,140.16245,40.761825,0
越水,140.29790666666668,40.78732,0
八森,140.017895,40.3713,0
東八森,140.0325,40.332115,0
北能代,140.03376,40.254105,0
能代,140.03312,40.206465,0
鳴沢,140.26751000000002,40.782175,0
風合瀬,139.9946,40.73218,0
ウェスパ椿山,139.87126999999998,40.593055,0
岩館,139.96629000000001,40.4062,0
追良瀬,139.970015,40.686530000000005,0
東能代,140.065725,40.191575,0
板柳,140.46187,40.69724,0
大間越,139.95008,40.49242,0
陸奥森田,140.33917000000002,40.7817,0
北金ヶ沢,140.09508,40.746115,0
横磯,139.890905,40.62997,0
陸奥柳田,140.1246,40.741035,0
驫木,139.98326500000002,40.70738,0
艫作,139.8649,40.608545,0
千畳敷,140.054685,40.76773,0
木造,140.387945,40.802400000000006,0
五所川原,140.447985,40.80881,0
鳥形,140.03688499999998,40.27142,0
鶴泊,140.437535,40.736059999999995,0
滝ノ間,140.00227,40.379975,0
陸奥岩崎,139.924195,40.583330000000004,0
中田,140.364745,40.787585,0
陸奥鶴田,140.435385,40.757225000000005,0
深浦,139.92942,40.650295,0
十二湖,139.941955,40.551590000000004,0
渋川,139.00878999999998,36.49123,0
金島,138.97651249999998,36.5295125,0
郷原,138.801095,36.54873,0
小野上温泉,138.90431,36.5569,0
矢倉,138.78435,36.55272,0
市城,138.88238666666666,36.57058,0
岩島,138.75993499999998,36.56324,0
小野上,138.9221125,36.55249,0
川原湯温泉,138.69722726999998,36.545086725000004,0
群馬原町,138.82415500000002,36.5717,0
祖母島,138.95706,36.540729999999996,0
中之条,138.85147999999998,36.585409999999996,0
群馬大津,138.62809,36.55381,0
長野原草津口,138.64955999999998,36.54653,0
万座・鹿沢口,138.551294,36.531902,0
羽根尾,138.60549500000002,36.550165,0
大前,138.52901500000002,36.513575,0
袋倉,138.579175,36.54402,0
高崎,139.0123375,36.322340000000004,0
籠原,139.33026,36.17442,0
神保原,139.149014,36.253624,0
新町,139.10553599999997,36.273002000000005,0
倉賀野,139.04962166666667,36.30023333333333,0
深谷,139.281345,36.191345,0
本庄,139.18807666666666,36.23632666666666,0
岡部,139.2373775,36.2057825,0
大宮,139.62437,35.906435,0
上尾,139.58881,35.973020000000005,0
宮原,139.60952,35.940529999999995,0
北上尾,139.577575,35.985150000000004,0
桶川,139.564215,35.998435,0
鴻巣,139.50958500000002,36.05924,0
北本,139.53340666666668,36.03242666666666,0
熊谷,139.389925,36.13981,0
吹上,139.453692,36.102850000000004,0
北鴻巣,139.47695499999998,36.085494999999995,0
行田,139.43209000000002,36.1138825,0
山手,139.64647,35.4268,0
横浜,139.6222525,35.465407500000005,0
石川町,139.64291666666668,35.43890666666667,0
洋光台,139.59693666666666,35.37881,0
関内,139.6359875,35.44422,0
新杉田,139.619435,35.3868,0
根岸,139.636095,35.41586,0
磯子,139.61847,35.400575,0
桜木町,139.63088,35.4511,0
本郷台,139.550115,35.367855000000006,0
大船,139.53145375000003,35.35391025,0
港南台,139.57617666666667,35.375146666666666,0
左沢,140.20809,38.382196666666665,0
羽前金沢,140.270455,38.32087,0
北山形,140.33225,38.26544,0
南寒河江,140.27740333333335,38.35599333333334,0
西寒河江,140.26658666666665,38.37958333333333,0
羽前高松,140.24859999999998,38.3975275,0
柴橋,140.22583,38.380876666666666,0
寒河江,140.27469333333335,38.37204,0
羽前山辺,140.27157499999998,38.294605000000004,0
羽前長崎,140.27307000000002,38.33291,0
東金井,140.30277,38.27692999999999,0
田端,139.761575,35.737475,42605
巣鴨,139.74035,35.73372,56487
駒込,139.7484,35.73702666666667,50016
池袋,139.711085,35.730275000000006,608101
高田馬場,139.70396499999998,35.7133125,54161
目白,139.70628,35.720389999999995,265676
新大久保,139.700255,35.70093,90506
大塚,139.72794,35.731785,106251
大崎,139.72824500000002,35.619945,65552
五反田,139.723696,35.62606,78292
品川,139.738535,35.628135,69457
目黒,139.71572714285713,35.633405714285715,91435
恵比寿,139.710125,35.64668,153715
渋谷,139.70172399999998,35.658082,662741
新宿,139.70014,35.690465,1089692
新宿,139.70032,35.69081,1085158
新宿,139.700886,35.689032000000005,1085398
代々木,139.70221,35.683795,999795
原宿,139.7027125,35.67132,189685
新宿,139.701224,35.68919,1085398
宮古,141.947365,39.639894999999996,0
山岸,141.17145,39.716094999999996,0
千徳,141.91196,39.63225,0
箱石,141.62581,39.61711,0
磯鶏,141.960935,39.63041,0
茂市,141.7993,39.620595,0
区界,141.351425,39.651735,0
松草,141.43744500000003,39.635855,0
上米内,141.20381,39.74391,0
上盛岡,141.148,39.711479999999995,0
平津戸,141.511275,39.62337,0
花原市,141.86142,39.630415,0
盛岡,141.136375,39.701195,0
川内,141.59761,39.640765,0
蟇目,141.838845,39.629295,0
釜石,141.872745,39.273300000000006,0
豊間根,141.924715,39.53424,0
織笠,141.95944,39.447235,0
津軽石,141.93778500000002,39.5815,0
鵜住居,141.887905,39.326735,0
吉里吉里,141.938635,39.369524999999996,0
陸中川井,141.68150500000002,39.597335,0
腹帯,141.767425,39.60452,0
大槌,141.90313,39.356735,0
浪板海岸,141.93511,39.383555,0
両石,141.88909,39.308105,0
岩手船越,141.97404,39.431335000000004,0
陸中山田,141.9513,39.463589999999996,0
香取,140.53241,35.897885,0
十二橋,140.54583000000002,35.91702,0
鹿島神宮,140.62576333333334,35.970670000000005,0
潮来,140.54969,35.937455,0
鹿島サッカースタジアム,140.63591000000002,35.993065,0
延方,140.588805,35.958095,0
冠着,138.07935,36.45722,0
聖高原,138.047575,36.45506,0
坂北,138.01576,36.430705,0
西条,138.01249,36.400455,0
姨捨,138.093155,36.502885000000006,0
明科,137.93036666666669,36.354256666666664,0
村井,137.95605666666665,36.17433,0
稲荷山,138.10809,36.55264666666667,0
篠ノ井,138.13807333333332,36.57695666666667,0
松本,137.964625,36.230270000000004,0
南松本,137.9696133333333,36.21071333333333,0
田沢,137.94103,36.3017,0
塩尻,137.947875,36.114805000000004,0
広丘,137.949585,36.147935000000004,0
青沼,138.48918500000002,36.181309999999996,0
美里,138.450245,36.292294999999996,0
龍岡城,138.490725,36.204215000000005,0
三岡,138.448445,36.30418,0
北中込,138.4767,36.254909999999995,0
乙女,138.440515,36.3113,0
中込,138.4794,36.230644999999996,0
岩村田,138.47243500000002,36.27448,0
小諸,138.42274,36.3256775,0
佐久平,138.46330999999998,36.277575,0
中佐都,138.45361,36.280879999999996,0
東小諸,138.43209000000002,36.317009999999996,0
滑津,138.475005,36.238715,0
太田部,138.487775,36.220330000000004,0
臼田,138.48824,36.193995,0
小淵沢,138.3167533333333,35.863733333333336,0
海瀬,138.48593499999998,36.15578,0
松原湖,138.470555,36.060995000000005,0
小海,138.482885,36.088674999999995,0
海尻,138.47356000000002,36.041309999999996,0
甲斐大泉,138.40967,35.896325,0
信濃川上,138.527085,35.975875,0
高岩,138.47753,36.115745,0
佐久海ノ口,138.49081999999999,36.021185,0
清里,138.43662999999998,35.91915,0
馬流,138.485985,36.101839999999996,0
野辺山,138.47449,35.95532,0
甲斐小泉,138.35939,35.879554999999996,0
羽黒下,138.489645,36.166395,0
八千穂,138.47742,36.133325,0
佐久広瀬,138.51939499999997,36.003685,0
浦佐,138.92273500000002,37.16772,0
長岡,138.85397,37.447765000000004,0
燕三条,138.93865000000002,37.64786,0
新潟,139.061745,37.912005,0
上毛高原,138.9775975,36.69299,0
本庄早稲田,139.17975124999998,36.21867625,0
越後湯沢,138.80927333333332,36.935719999999996,0
高崎,139.013024,36.322644000000004,0
大宮,139.62309666666667,35.90617,0
熊谷,139.389645,36.1395,0
宮内,138.840115,37.4221275,0
石打,138.80418,36.988924999999995,0
浦佐,138.9230433333333,37.16742333333334,0
ガーラ湯沢,138.79949499999998,36.950165,0
北堀之内,138.89631500000002,37.25574,0
塩沢,138.84843,37.041485,0
上越国際スキー場前,138.8279575,37.028735,0
五日町,138.90850749999998,37.12007,0
八色,138.93511,37.191755,0
大沢,138.82133,37.02123,0
六日町,138.87543454545457,37.06647454545455,0
越後滝谷,138.83497333333332,37.36872333333333,0
小千谷,138.81335,37.3099725,0
越後堀之内,138.92828500000002,37.238955000000004,0
越後川口,138.8618381818182,37.272922727272736,0
小出,138.95361,37.23357,0
高崎,139.0123375,36.322340000000004,0
新前橋,139.04700000000003,36.379005,0
越後湯沢,138.80927333333332,36.935719999999996,0
高崎問屋町,139.01723,36.346135000000004,0
岩本,139.047615,36.602165,0
水上,138.96930250000003,36.779227500000005,0
渋川,139.00878999999998,36.49123,0
湯檜曽,138.98547456666665,36.80333435666667,0
沼田,139.035645,36.642295000000004,0
後閑,139.00007499999998,36.6795775,0
敷島,139.03393499999999,36.537555,0
越後中里,138.84850666666668,36.910396666666664,0
土合,138.96795,36.830745,0
群馬総社,139.032285,36.41551,0
津久田,139.042865,36.56103,0
井野,139.02327000000002,36.35744,0
八木原,139.01925,36.46379,0
越後湯沢,138.81002,36.93594,0
上牧,138.98456499999998,36.73563,0
岩原スキー場前,138.83956142857144,36.92424714285714,0
土合,138.962265,36.8298875,0
湯檜曽,138.986268,36.802774,0
土樽,138.861515,36.87533500000001,0
駒ヶ嶺,140.92508,37.84236666666667,0
坂元,140.90105461500002,37.924079135,0
浜吉田,140.890085,38.002224999999996,0
相馬,140.92571750000002,37.802477499999995,0
新地,140.9256402,37.879215474999995,0
日立木,140.93466,37.75613,0
逢隈,140.85475000000002,38.067625,0
山下,140.88898331500002,37.96631868,0
岩沼,140.863655,38.111864999999995,0
亘理,140.86129,38.03988,0
いわき,140.892355,37.058220000000006,0
泉,140.854085,36.955574999999996,0
木戸,141.00252999999998,37.25799,0
広野,140.99871666666667,37.21142333333333,0
末続,140.99565,37.172145,0
植田,140.79648500000002,36.92049,0
夜ノ森,140.99201499999998,37.365785,0
湯本,140.84984,37.006945,0
磐城太田,140.99148,37.6051,0
桃内,140.98437,37.528665000000004,0
富岡,141.0227275,37.3341525,0
竜田,141.00277166666666,37.28230833333333,0
勿来,140.786692,36.88356,0
小高,140.99638333333334,37.56312333333334,0
原ノ町,140.97110999999998,37.63796,0
大野,140.98413,37.409174,0
内郷,140.8548975,37.0359675,0
双葉,141.005855,37.453735,0
鹿島,140.97008,37.702835,0
草野,140.94725,37.07385,0
浪江,140.98951666666667,37.49234666666667,0
四ツ倉,140.9808575,37.1022825,0
久ノ浜,140.995775,37.14247,0
日立,140.66180000000003,36.590325,0
常陸多賀,140.63275,36.55214333333333,0
小木津,140.675295,36.63664,0
石岡,140.2799625,36.191199999999995,0
南中郷,140.7291025,36.75350999999999,0
大甕,140.6194775,36.513005,0
岩間,140.27650333333335,36.29543999999999,0
赤塚,140.41516000000001,36.381755,0
磯原,140.74644333333333,36.790749999999996,0
水戸,140.47756333333334,36.37088666666667,0
羽鳥,140.28677499999998,36.24754,0
十王,140.685945,36.67138,0
偕楽園,140.45634,36.37303,0
佐和,140.54050999999998,36.43047,0
内原,140.35262999999998,36.370045,0
大津港,140.778005,36.846064999999996,0
勝田,140.52426666666668,36.39433666666667,0
高萩,140.71695499999998,36.71434,0
東海,140.566035,36.4655,0
友部,140.30602499999998,36.35046,0
南柏,139.95419249999998,35.844645,0
佐貫,140.137966,35.929786,0
取手,140.0629275,35.8957275,0
柏,139.971025,35.86219,0
藤代,140.11815,35.920555,0
北柏,139.988035,35.875675,0
高浜,140.29466333333332,36.16377333333333,0
新松戸,139.92119333333335,35.82543666666667,0
取手,140.06272,35.89487,0
神立,140.24860999999999,36.12043,0
北小金,139.93075,35.833169999999996,0
天王台,140.04232,35.87247,0
ひたち野うしく,140.15824714285714,36.00726142857143,0
土浦,140.20623999999998,36.078595,0
我孫子,140.01047,35.872826,0
荒川沖,140.16598499999998,36.030595000000005,0
牛久,140.14104,35.9753325,0
北松戸,139.91162500000002,35.800365,0
日暮里,139.77119,35.72798666666666,53217
馬橋,139.91732000000002,35.811685,0
南千住,139.7998075,35.73464750000001,34319
北千住,139.80464,35.748845,109493
綾瀬,139.82493499999998,35.762164999999996,40131
三河島,139.77728666666667,35.733353333333326,51446
亀有,139.84756,35.76654,65141
松戸,139.90082666666663,35.784729999999996,0
金町,139.87039,35.76951,37509
新潟,139.06124666666668,37.91223,0
新津,139.12121,37.8003,0
宮内,138.840115,37.4221275,0
東光寺,138.94295,37.59303,0
矢代田,139.09549666666666,37.748886666666664,0
笠島,138.467045,37.335695,0
羽生田,139.060695,37.693645000000004,0
北長岡,138.86242,37.468824999999995,0
青海川,138.48623500000002,37.34619,0
さつき野,139.117355,37.813100000000006,0
見附,138.90482500000002,37.54015,0
保内,139.014685,37.639305,0
北条,138.636995,37.338295,0
越後広田,138.661225,37.35736,0
加茂,139.04895499999998,37.658845,0
茨目,138.586745,37.35705,0
塚山,138.72994,37.355149999999995,0
古津,139.11445500000002,37.772999999999996,0
押切,138.881215,37.504940000000005,0
帯織,138.92856,37.573005,0
長岡,138.853975,37.447765000000004,0
東三条,138.974755,37.628545,0
前川,138.82389999999998,37.401765,0
潟町,138.3399,37.234205,0
越後石山,139.095475,37.896365,0
米山,138.43146,37.3168575,0
上下浜,138.36168,37.25238,0
越後岩塚,138.75641333333334,37.386336666666665,0
来迎寺,138.783792,37.397217999999995,0
鯨波,138.517355,37.355850000000004,0
土底浜,138.324815,37.22278,0
三条,138.96088,37.62123,0
柏崎,138.55642,37.363555,0
黒井,138.26817,37.18402666666666,0
荻川,139.11163,37.83258,0
亀田,139.10824,37.877183333333335,0
柿崎,138.38592,37.27778,0
長鳥,138.684105,37.366420000000005,0
田上,139.07457,37.719025,0
安田,138.612165,37.341125000000005,0
直江津,138.242035,37.17014,0
犀潟,138.30496,37.2101,0
高崎,139.0123375,36.322340000000004,0
磯部,138.849675,36.29837,0
安中,138.914485,36.331655,0
横川,138.7379,36.33597,0
群馬八幡,138.95749,36.33766,0
松井田,138.797655,36.309155000000004,0
北高崎,139.00265666666667,36.33841,0
西松井田,138.78663,36.31608,0
篠ノ井,138.13807333333332,36.57695666666667,0
今井,138.14508,36.59488,0
安茂里,138.16182,36.630269999999996,0
川中島,138.1507,36.614090000000004,0
安積永盛,140.36882,37.35659,0
野木沢,140.421,37.17521,0
磐城浅川,140.41441,37.079835,0
近津,140.39376499999997,37.000510000000006,0
南石井,140.41692999999998,36.89471,0
谷田川,140.431245,37.313635000000005,0
小塩江,140.43016,37.295555,0
磐城石井,140.41532999999998,36.904650000000004,0
里白石,140.41679333333332,37.10458666666667,0
中豊,140.39329,37.022485,0
川辺沖,140.405755,37.192715,0
磐城棚倉,140.384435,37.03511,0
磐城石川,140.444,37.14072,0
磐城守山,140.40653,37.33072,0
磐城塙,140.41201999999998,36.95873333333333,0
泉郷,140.405575,37.21449,0
川東,140.40615000000003,37.270105,0
下野宮,140.37552333333335,36.81577333333333,0
常陸青柳,140.48446333333334,36.383536666666664,0
下小川,140.38714,36.669015,0
東館,140.42330666666666,36.870419999999996,0
下菅谷,140.494175,36.435225,0
玉川村,140.37452000000002,36.57925,0
後台,140.490165,36.42404,0
水戸,140.476475,36.371015,0
常陸津田,140.48292333333336,36.404136666666666,0
瓜連,140.44952999999998,36.498194999999996,0
上小川,140.37869,36.71927,0
上菅谷,140.49253,36.455865,0
河合,140.51718499999998,36.50823,0
常陸太田,140.52767,36.53129,0
額田,140.503345,36.48574,0
中菅谷,140.49268,36.44573,0
山方宿,140.401075,36.62447,0
静,140.43820499999998,36.50611,0
常陸大宮,140.41267,36.54708,0
谷河原,140.52506499999998,36.51975,0
西金,140.38652000000002,36.69549,0
野上原,140.38996,36.605785,0
常陸鴻巣,140.46769999999998,36.472260000000006,0
南酒出,140.498285,36.477050000000006,0
中舟生,140.39224000000002,36.645534999999995,0
袋田,140.379615,36.754755,0
矢祭山,140.395395,36.849935,0
常陸大子,140.35084,36.770705,0
小山,139.80641250000002,36.312245000000004,0
友部,140.30602499999998,36.35046,0
新治,140.03921,36.327955,0
小田林,139.853605,36.30079,0
稲田,140.215035,36.368875,0
結城,139.87304,36.298075,0
福原,140.18728,36.351525,0
羽黒,140.143005,36.3553,0
宍戸,140.28854,36.344680000000004,0
玉戸,139.93855,36.298564999999996,0
下館,139.978185,36.304125,0
岩瀬,140.10874,36.359415,0
大和,140.07323,36.345555000000004,0
東結城,139.89141,36.29662,0
川島,139.91634499999998,36.29593,0
笠間,140.24651333333335,36.37303666666667,0
松岸,140.795195,35.739374999999995,0
佐倉,140.226755,35.70974,0
我孫子,140.01047,35.872826,0
小見川,140.6046,35.84998,0
下総神崎,140.41066999999998,35.894845000000004,0
滑河,140.347865,35.87706,0
酒々井,140.27540499999998,35.731849999999994,0
下総松崎,140.27755000000002,35.807775,0
久住,140.33887,35.832184999999996,0
空港第2ビル,140.38761,35.77296,0
小林,140.19311333333334,35.83073666666667,0
安食,140.242275,35.835715,0
佐原,140.49377,35.89493,0
布佐,140.132975,35.84935,0
笹川,140.655825,35.83943,0
香取,140.53241,35.897885,0
成田空港,140.386305,35.765725,0
東我孫子,140.047605,35.86898,0
下総豊里,140.72089499999998,35.793005,0
湖北,140.077945,35.867194999999995,0
水郷,140.570175,35.885455,0
大戸,140.45773,35.88993,0
新木,140.10705000000002,35.862399999999994,0
下総橘,140.70215000000002,35.818785,0
成田,140.313346,35.776559999999996,0
木下,140.14799,35.83888,0
椎柴,140.75886333333332,35.76521666666667,0
拝島,139.34337666666667,35.72131666666667,26028
立川,139.4137825,35.698025,211590
鳩ノ巣,139.12894,35.815105,0
西立川,139.39339,35.703546,13055
古里,139.15114,35.816320000000005,0
小作,139.302275,35.776055,25725
軍畑,139.20765,35.80758,165
白丸,139.11482999999998,35.81172,0
奥多摩,139.09694,35.809394999999995,0
立川,139.414155,35.69828,211590
沢井,139.1934,35.805949999999996,232
川井,139.164306,35.813766,363
東青梅,139.272805,35.789815000000004,9621
青梅,139.258125,35.790545,7377
河辺,139.28405500000002,35.784774999999996,16236
御嶽,139.182752,35.80142,227
日向和田,139.229535,35.788645,2590
牛浜,139.33379000000002,35.734335,31945
中神,139.37571,35.709,27525
福生,139.327745,35.742485,42938
東中神,139.384595,35.706275,17965
二俣尾,139.21614499999998,35.803945,442
昭島,139.361635,35.71322,33122
宮ノ平,139.23731500000002,35.78759,741
石神前,139.225135,35.79683,2354
羽村,139.3163,35.757940000000005,17274
涌谷,141.127285,38.538005,0
前谷地,141.194385,38.51209,0
渡波,141.36518,38.41999,0
万石浦,141.36873,38.42886333333333,0
沢田,141.382395,38.432355,0
上涌谷,141.09958,38.549175,0
陸前稲井,141.334905,38.44542,0
浦宿,141.42146,38.436515,0
曽波神,141.28785000000002,38.46581333333334,0
佳景山,141.23964333333333,38.497973333333334,0
鹿又,141.28331500000002,38.485855,0
小牛田,141.064415,38.54066,0
石巻,141.30355333333333,38.43535333333333,0
池袋,139.71134,35.730199999999996,608101
赤羽,139.72095,35.77755,72914
十条,139.72225,35.76039,27380
板橋,139.71919666666668,35.74502666666667,49281
北仙台,140.869955,38.281615,0
仙台,140.882545,38.260088333333336,0
北山,140.851895,38.285145,0
東照宮,140.88672000000003,38.277268,0
国見,140.83328,38.274770000000004,0
羽前千歳,140.34214,38.287375,0
面白山高原,140.49723,38.3329525,0
熊ヶ根,140.68058,38.29802,0
楯山,140.370655,38.30167,0
葛岡,140.81861,38.268855,0
陸前落合,140.79005,38.273435,0
愛子,140.761435,38.27263000000001,0
作並,140.6325475,38.3178,0
奥新川,140.59444,38.325979999999994,0
陸前白沢,140.70227666666668,38.278076666666664,0
山寺,140.4347766666667,38.309576666666665,0
高瀬,140.39604666666668,38.301503333333336,0
多賀城,141.00538,38.29168,0
松島海岸,141.05884333333336,38.36836666666667,0
福田町,140.958334,38.274975999999995,0
陸前浜田,141.04170399999998,38.350858,0
あおば通,140.8786233333333,38.26065666666667,0
中野栄,140.9853,38.280845,0
下馬,141.014995,38.305835,0
陸前原ノ町,140.91085,38.26609333333334,0
榴ヶ岡,140.8938,38.25875,0
陸前山下,141.288835,38.437725,0
石巻,141.30355333333333,38.43535333333333,0
本塩釜,141.02247,38.317715,0
陸前赤井,141.23900333333336,38.43241666666666,0
宮城野原,140.9047733333333,38.260690000000004,0
手樽,141.092735,38.387100000000004,0
蛇田,141.27753666666666,38.43828,0
陸前富山,141.10726499999998,38.3863,0
西塩釜,141.01837,38.311955,0
東矢本,141.22228,38.427995,0
矢本,141.2091,38.42045,0
陸前大塚,141.129185,38.379015,0
鹿妻,141.1901,38.403279999999995,0
高城町,141.07355,38.382825,0
小鶴新田,140.934955,38.273395,0
東塩釜,141.03167000000002,38.325630000000004,0
苦竹,140.91907,38.2688325,0
仙台,140.884145,38.26018,0
陸前小野,141.174775,38.396024999999995,0
陸前高砂,140.96776666666665,38.27355,0
大宮,139.62309666666667,35.90617,0
日進,139.60606,35.93153,0
指扇,139.56497,35.916965,0
南古谷,139.519155,35.90318,0
川越,139.48314000000002,35.906749999999995,0
笠幡,139.40626,35.907579999999996,0
西川越,139.459935,35.919095,0
武蔵高萩,139.37125500000002,35.90170333333334,0
的場,139.43541,35.91754,0
高麗川,139.33813,35.896370000000005,0
上溝,139.36315,35.55761666666666,0
番田,139.36311,35.545383333333334,0
南橋本,139.35242,35.5804,0
原当麻,139.375365,35.528994999999995,0
橋本,139.34502,35.594879999999996,0
下溝,139.38051000000002,35.51832,0
相武台下,139.38632,35.492775,0
香川,139.39983,35.3566,0
門沢橋,139.380055,35.4067,0
社家,139.377185,35.420410000000004,0
倉見,139.37838499999998,35.395055,0
茅ヶ崎,139.4069933333333,35.33067,0
北茅ヶ崎,139.40747,35.33968,0
入谷,139.39186999999998,35.47838,0
宮山,139.379665,35.382215,0
海老名,139.3893,35.45423,0
寒川,139.387315,35.367705,0
厚木,139.378605,35.44382,0
西船橋,139.95938,35.7072025,0
稲毛,140.0922775,35.637715,0
西千葉,140.10332666666667,35.62262666666666,0
物井,140.200315,35.685725,0
成東,140.41028,35.608535,0
飯岡,140.68335,35.72938,0
横芝,140.49077499999999,35.661784999999995,0
新検見川,140.073145,35.6518225,0
八日市場,140.552395,35.699295,0
旭,140.65469000000002,35.721835,0
松尾,140.458075,35.636355,0
西船橋,139.959475,35.70733,0
都賀,140.149185,35.63602,0
榎戸,140.288115,35.684075,0
津田沼,140.020276,35.691323999999994,0
日向,140.36243000000002,35.628294999999994,0
飯倉,140.521415,35.68509,0
幕張本郷,140.04218749999998,35.67281,0
猿田,140.737365,35.74735,0
東千葉,140.12219333333334,35.616976666666666,0
四街道,140.1652,35.6629075,0
南酒々井,140.26781,35.7043225,0
下総中山,139.94307,35.714285000000004,0
銚子,140.82746500000002,35.729325,0
西船橋,139.958045,35.707985,0
本八幡,139.92740500000002,35.72085,0
幕張,140.05790000000002,35.659475,0
松岸,140.795195,35.739374999999995,0
八街,140.31741499999998,35.663174999999995,0
佐倉,140.226755,35.70974,0
千葉,140.11348999999998,35.613556,0
干潟,140.60331000000002,35.718345,0
船橋,139.9840725,35.7017925,0
倉橋,140.71399000000002,35.737755,0
東船橋,140.00424166666667,35.69980666666667,0
御茶ノ水,139.76503000000002,35.699605000000005,381831
新小岩,139.857735,35.716845,42708
浅草橋,139.78449,35.69739,113948
錦糸町,139.81463666666664,35.69673333333333,155588
亀戸,139.82633,35.69733,99851
平井,139.8425825,35.7065725,31781
市川,139.90816999999998,35.72887,0
小岩,139.88185,35.733329999999995,50504
秋葉原,139.773215,35.698319999999995,394189
東京,139.76536666666664,35.681673333333336,1043270
両国,139.79335,35.695755,78007
馬喰町,139.782385,35.6933375,133058
新日本橋,139.7741625,35.688995,616066
南小谷,137.908355,36.77459833333334,0
松本,137.964625,36.230270000000004,0
一日市場,137.90398,36.260085000000004,0
島内,137.94476333333333,36.24690666666667,0
中萱,137.9033,36.273885,0
島高松,137.93161999999998,36.24633,0
千国,137.90085,36.763239999999996,0
南豊科,137.90349,36.29099,0
北松本,137.96110000000002,36.236898,0
梓橋,137.91808,36.25018333333333,0
豊科,137.90094,36.30002,0
細野,137.86578500000002,36.39707,0
ヤナバスキー場前,137.85498666666663,36.605826666666665,0
信濃常盤,137.84716,36.46737,0
稲尾,137.84261500000002,36.55411,0
信濃木崎,137.84625,36.53564,0
北大町,137.858065,36.517605,0
安曇沓掛,137.854765,36.447805,0
飯森,137.85016000000002,36.670605,0
神城,137.84661,36.65822,0
南神城,137.84163,36.63717666666667,0
白馬大池,137.88554,36.739954999999995,0
信濃松川,137.858575,36.424475,0
安曇追分,137.872775,36.371865,0
北細野,137.86273,36.40644,0
白馬,137.863895,36.69601,0
海ノ口,137.841845,36.56568,0
穂高,137.88194199999998,36.339056,0
信濃大町,137.86168750000002,36.50022249999999,0
柏矢町,137.88836,36.322475,0
南大町,137.85627,36.491535,0
信濃森上,137.871835,36.71098,0
簗場,137.84483,36.59491333333333,0
有明,137.87824666666668,36.360009999999996,0
真滝,141.177945,38.908265,0
岩ノ下,141.24531249999998,38.947695,0
折壁,141.45227,38.939415,0
摺沢,141.321165,38.996075000000005,0
上鹿折,141.56824999999998,38.960715,0
鹿折唐桑,141.57953500000002,38.915530000000004,0
大船渡,141.720685,39.06318,0
竹駒,141.609785,39.033595000000005,0
陸中門崎,141.25122,38.91693,0
新月,141.48888499999998,38.91561,0
千厩,141.34562499999998,38.924855,0
矢越,141.429105,38.935275000000004,0
陸前矢作,141.57941499999998,39.022535000000005,0
小友,141.69959999999998,38.98926,0
下船渡,141.721015,39.038285,0
陸中松川,141.238045,38.97723,0
脇ノ沢,141.657245,39.006565,0
盛,141.71089999999998,39.085544999999996,0
陸前高田,141.62585,39.0127525,0
猊鼻渓,141.25302,38.98863,0
柴宿,141.272185,38.996735,0
細浦,141.71353333333334,39.015769999999996,0
小梨,141.38420999999997,38.93247,0
気仙沼,141.558845,38.910025000000005,0
一ノ関,141.13814,38.92661,0
金谷沢,141.24837,41.228975000000005,0
下北,141.18988,41.282835000000006,0
近川,141.27928500000002,41.191305,0
赤川,141.20923,41.267945,0
大湊,141.1618,41.28036,0
有戸,141.189305,40.914,0
陸奥横浜,141.24984,41.086635,0
北野辺地,141.134205,40.871134999999995,0
吹越,141.246515,41.021950000000004,0
有畑,141.2765,41.132005,0
野辺地,141.11964,40.855135,0
会津若松,139.93017,37.50895,0
会津本郷,139.89257500000002,37.46343,0
会津坂本,139.75663,37.553287499999996,0
滝谷,139.69796000000002,37.494325,0
七日町,139.919598,37.501916,0
若宮,139.8283,37.53541,0
根岸,139.8286,37.50196,0
会津坂下,139.821422,37.556774000000004,0
塔寺,139.78521999999998,37.56944,0
郷戸,139.709925,37.51634,0
会津高田,139.84130499999998,37.47081,0
会津柳津,139.723875,37.538675,0
新鶴,139.82849,37.517165,0
西若松,139.91409666666667,37.485886666666666,0
会津横田,139.43589500000002,37.392375,0
越後広瀬,138.981415,37.27456,0
会津川口,139.52376,37.45506666666666,0
会津西方,139.6615,37.480945,0
藪神,138.97588000000002,37.25684,0
会津蒲生,139.33333,37.381795,0
上条,139.050745,37.346779999999995,0
会津桧原,139.67945500000002,37.49191,0
会津塩沢,139.35511,37.393615,0
入広瀬,139.06582500000002,37.358695,0
早戸,139.59358333333333,37.470076666666664,0
会津水沼,139.56053666666665,37.48298,0
小出,138.95361,37.23357,0
本名,139.498805,37.444775,0
会津中川,139.53222666666667,37.47380666666667,0
会津越川,139.46943,37.39869,0
越後須原,139.01776999999998,37.320544999999996,0
大白川,139.12090999999998,37.341629999999995,0
魚沼田中,138.99263000000002,37.29414,0
会津大塩,139.41315333333333,37.39279,0
只見,139.31481,37.350255000000004,0
会津宮下,139.64708000000002,37.47117,0
上二田,140.004085,39.868975000000006,0
出戸浜,140.024585,39.844425,0
男鹿,139.84864,39.88465,0
追分,140.057815,39.809960000000004,0
船越,139.946685,39.904755,0
羽立,139.86202,39.904535,0
二田,139.987325,39.88142499999999,0
脇本,139.90263,39.915279999999996,0
天王,139.9637966666667,39.89877,0
水道橋,139.753745,35.702,118020
飯田橋,139.74499571428572,35.70165142857143,86228
御茶ノ水,139.76503000000002,35.699605000000005,381831
中野,139.665605,35.70574,118489
東中野,139.68508,35.70625,38490
中野,139.666085,35.705555,118489
吉祥寺,139.57998999999998,35.70314666666667,203173
西荻窪,139.59970499999997,35.70379750000001,43239
荻窪,139.620245,35.70443,62623
中野,139.66558500000002,35.705955,118489
阿佐ヶ谷,139.6362575,35.7048875,50685
高円寺,139.6497175,35.705324999999995,49524
大久保,139.69744500000002,35.700635,100795
神田,139.770875,35.69177,562063
四ツ谷,139.73056200000002,35.685731999999994,76538
市ヶ谷,139.73532,35.691154999999995,81821
信濃町,139.7212925,35.679937499999994,31321
代々木,139.70221,35.683795,999795
新宿,139.70061,35.690110000000004,1095900
千駄ヶ谷,139.71145333333334,35.68120666666667,30324
塩尻,137.947875,36.114805000000004,0
八王子,139.33888,35.65549333333334,125092
国分寺,139.480558,35.700131999999996,56534
初狩,138.88371,35.59435285714285,0
川岸,138.02196,36.032983333333334,0
富士見,138.237865,35.912265,0
すずらんの里,138.21179142857142,35.93045857142858,0
甲府,138.56876,35.667125,0
西国分寺,139.46577,35.6997225,14957
武蔵境,139.543555,35.70209,51787
小淵沢,138.3167533333333,35.863733333333336,0
東小金井,139.52375999999998,35.70156,15350
青柳,138.19752666666668,35.942710000000005,0
春日居町,138.65897999999999,35.673465,0
鳥沢,139.003485,35.60804,0
岡谷,138.045115,36.05676,0
みどり湖,137.98197,36.09426,0
韮崎,138.45135000000002,35.70968636363636,0
小野,137.970795,36.046875,0
笹子,138.825255,35.60395666666666,0
武蔵小金井,139.50592999999998,35.701035,30745
日野春,138.39427750000002,35.790727499999996,0
東山梨,138.703055,35.69434,0
酒折,138.5995222222222,35.65954222222222,0
信濃境,138.27553,35.8849,0
上野原,139.115405,35.618444999999994,0
大月,138.94215333333332,35.61308333333333,0
塩崎,138.487756,35.68779,0
新府,138.4331775,35.73691,0
藤野,139.15133,35.615995,0
塩山,138.73455666666666,35.70538333333334,0
西八王子,139.312005,35.656275,26617
長坂,138.36665,35.82743000000001,0
国立,139.446415,35.699195,23623
上諏訪,138.116265,36.046760000000006,0
甲斐大和,138.781452,35.639424,0
四方津,139.07357,35.614133333333335,0
豊田,139.3814875,35.6594725,15408
穴山,138.4138875,35.7510275,0
信濃川島,137.97188250000002,36.0136775,0
辰野,137.9971833333333,35.98451666666667,0
石和温泉,138.63448499999998,35.657525,0
竜王,138.51935,35.668675,0
梁川,139.0373,35.606265,0
相模湖,139.188525,35.617315,0
高尾,139.282635,35.642375,25424
下諏訪,138.085625,36.071952499999995,0
猿橋,138.96792333333332,35.61272333333333,0
茅野,138.15195,35.9947625,0
立川,139.413785,35.697765000000004,211590
勝沼ぶどう郷,138.7432557142857,35.67295571428571,0
山梨市,138.682836,35.685033999999995,0
立川,139.4137825,35.698025,211590
三鷹,139.560708,35.702693999999994,45406
日野,139.39349750000002,35.678675,11954
津軽浜名,140.471835,41.180555,0
三厩,140.444455,41.185410000000005,0
青森,140.73465,40.83032,0
中小国,140.596855,41.051645,0
蟹田,140.642535,41.038309999999996,0
今別,140.49057,41.17967,0
奥内,140.67225000000002,40.90311,0
瀬辺地,140.64826499999998,41.007745,0
左堰,140.66582,40.917474999999996,0
中沢,140.65609666666668,40.94930333333334,0
津軽二股,140.51425,41.145905,0
大平,140.559525,41.065875000000005,0
郷沢,140.652395,40.987764999999996,0
蓬田,140.65451,40.969165000000004,0
津軽宮田,140.67442,40.887029999999996,0
油川,140.69061499999998,40.85664,0
大川平,140.50763999999998,41.163155,0
後潟,140.66253,40.931354999999996,0
鶴見,139.67579,35.507940000000005,0
鶴見小野,139.681275,35.49702,0
扇町,139.72242,35.50174,0
浜川崎,139.71353499999998,35.50966,0
安善,139.701245,35.49984,0
弁天橋,139.689485,35.495795,0
大川,139.71138,35.495405,0
新芝浦,139.700125,35.491915000000006,0
昭和,139.72393200000002,35.50689200000001,0
浅野,139.695675,35.497605,0
国道,139.67571,35.50077,0
浅野,139.695745,35.497285,0
武蔵白石,139.70653,35.50193,0
海芝浦,139.700675,35.48613,0
大釜,141.07194333333334,39.711526666666664,0
小岩井,141.024695,39.709765,0
雫石,140.97481,39.68923,0
春木場,140.94394,39.6934,0
赤渕,140.90723500000001,39.68509,0
盛岡,141.13653,39.70155,0
生田,140.60132,39.61216,0
田沢湖,140.72229249999998,39.7004425,0
刺巻,140.69195,39.66857,0
神代,140.627485,39.622675,0
角館,140.57118,39.591795000000005,0
羽後長野,140.54092500000002,39.54606,0
北大曲,140.498065,39.489495,0
鶯野,140.55794500000002,39.568565,0
鑓見内,140.527695,39.519265,0
大曲,140.47954,39.46586,0
羽後四ツ屋,140.512,39.50161,0
品川,139.738535,35.628135,69457
新橋,139.7582,35.66639,487504
大森,139.72810666666666,35.58885,133475
浜松町,139.757125,35.65541,168633
品川,139.73904,35.628495,69457
田町,139.74760500000002,35.64574,88999
東京,139.76755333333332,35.68117,1142177
東京,139.76723,35.681180000000005,1058873
東京,139.76536666666664,35.681673333333336,1043270
西大井,139.7216357142857,35.60176571428572,26071
新橋,139.75873,35.666205000000005,619387
大井町,139.73501333333334,35.60707,81389
品川,139.73948571428573,35.629015714285714,66475
東京,139.766685,35.680965,1179322
有楽町,139.76326,35.67504,985315
川崎,139.69681,35.531364999999994,0
横浜,139.6222525,35.465407500000005,0
新川崎,139.671604,35.551587999999995,0
新子安,139.65409,35.486826666666666,0
鶴見,139.6762575,35.508539999999996,0
蒲田,139.71603,35.562484999999995,114995
横浜,139.62210666666667,35.46566666666667,0
保土ヶ谷,139.60037,35.44722,0
国府津,139.21495499999997,35.281395,0
熱海,139.078078,35.10373,0
熱海,139.077805,35.103790000000004,0
戸塚,139.53441285714285,35.40009857142857,0
平塚,139.34945666666667,35.32774333333333,0
大磯,139.31334,35.3115,0
早川,139.14504,35.238797999999996,0
辻堂,139.445895,35.336845,0
茅ヶ崎,139.40738249999998,35.330420000000004,0
東戸塚,139.556504,35.430008,0
平塚,139.34947666666667,35.32752333333333,0
大船,139.53116,35.35414333333333,0
二宮,139.25675,35.29867,0
小田原,139.1557675,35.256105,0
根府川,139.138622,35.202554,0
鴨宮,139.1799133333333,35.275686666666665,0
湯河原,139.10219999999998,35.146125,0
藤沢,139.48667,35.3388425,0
真鶴,139.13213249999998,35.15675374999999,0
成東,140.41028,35.608535,0
求名,140.396175,35.579845,0
大網,140.3114775,35.523015,0
福俵,140.34187500000002,35.546165,0
東金,140.3636,35.560095000000004,0
二戸,141.28559,40.259775,0
いわて沼宮内,141.21742,39.960615000000004,0
八戸,141.430935,40.509325000000004,0
盛岡,141.13653,39.70155,0
北上,141.1226075,39.28225,0
水沢江刺,141.188705,39.145160000000004,0
一ノ関,141.13909999999998,38.926445,0
新花巻,141.17361499999998,39.4065,0
古川,140.9677875,38.57075,0
くりこま高原,141.07121857142857,38.74822857142857,0
仙台,140.882155,38.2609725,0
福島,140.45860333333334,37.753710000000005,0
白石蔵王,140.63296,37.994980000000005,0
郡山,140.38862,37.39862,0
那須塩原,140.02046857142858,36.931447142857145,0
新白河,140.18903666666668,37.12353,0
宇都宮,139.89809,36.558769999999996,0
小山,139.806355,36.313545000000005,0
上野,139.77738499999998,35.713315,316722
大宮,139.62309666666667,35.90617,0
東京,139.76788,35.68110333333333,1267443
矢幅,141.14811,39.612804999999994,0
仙北町,141.14875,39.68769,0
岩手飯岡,141.14659,39.65375,0
盛岡,141.136375,39.701195,0
北上,141.12144666666669,39.28148,0
陸中折居,141.14091666666664,39.09391,0
石越,141.15915999999999,38.76882500000001,0
前沢,141.1262475,39.0492425,0
花巻空港,141.12731,39.442255,0
六原,141.09780999999998,39.227825,0
平泉,141.11780666666667,38.98790333333333,0
金ヶ崎,141.11293999999998,39.199585,0
花泉,141.18001500000003,38.833365,0
一ノ関,141.13814,38.92661,0
古館,141.154625,39.58086,0
石鳥谷,141.146885,39.490895,0
水沢,141.14632,39.13923,0
有壁,141.12109999999998,38.86735,0
村崎野,141.12049,39.32265,0
清水原,141.15645166666667,38.85492666666667,0
紫波中央,141.159915,39.55476,0
山ノ目,141.13197,38.951325,0
油島,141.17572,38.797105,0
日詰,141.16055,39.538624999999996,0
花巻,141.110325,39.393745,0
岩沼,140.863655,38.111864999999995,0
仙台,140.882545,38.260088333333336,0
小牛田,141.064415,38.54066,0
塩釜,141.00954000000002,38.309646666666666,0
国府多賀城,140.99473999999998,38.30108444444445,0
鹿島台,141.097965,38.474515,0
品井沼,141.08231714285714,38.43149,0
岩切,140.95532666666668,38.300936666666665,0
利府,140.9848,38.32935,0
松島,141.06532750000002,38.3793125,0
館腰,140.880155,38.143085,0
新田,141.11952200000002,38.711562,0
東仙台,140.91964,38.27624,0
田尻,141.059035,38.596270000000004,0
梅ヶ沢,141.0852325,38.68163,0
松山町,141.07492000000002,38.512705,0
瀬峰,141.07385499999998,38.655609999999996,0
新利府,140.97310333333334,38.31724,0
名取,140.88275,38.173100000000005,0
南仙台,140.883295,38.19722,0
長町,140.88625666666667,38.22734,0
愛宕,141.06511333333333,38.39747,0
陸前山王,140.9794775,38.299587499999994,0
槻木,140.81018333333333,38.07914,0
東白石,140.6511,38.035136,0
福島,140.45992999999999,37.754315000000005,0
桑折,140.517315,37.85517,0
白石,140.62625,38.00313333333333,0
船岡,140.7674,38.05933,0
北白川,140.69255,38.03245,0
藤田,140.53941500000002,37.878879999999995,0
東福島,140.47739666666666,37.799836666666664,0
福島,140.45976000000002,37.754315000000005,0
大河原,140.74033,38.047396666666664,0
貝田,140.58098,37.90811,0
越河,140.60458333333335,37.933483333333335,0
伊達,140.49338,37.824275,0
豊原,140.155085,37.054967500000004,0
矢吹,140.328245,37.2055625,0
黒磯,140.06015,36.970119999999994,0
白坂,140.184705,37.095275,0
日和田,140.38836500000002,37.44596,0
松川,140.48416500000002,37.653505,0
泉崎,140.29908799999998,37.15828599999999,0
白河,140.212425,37.130219999999994,0
金谷川,140.45200499999999,37.680710000000005,0
南福島,140.455835,37.723815,0
五百川,140.38774,37.482445,0
黒田原,140.12108666666666,37.02354666666667,0
鏡石,140.3468366666667,37.25055,0
高久,140.08735,36.99651,0
郡山,140.388865,37.398145,0
安達,140.46668,37.61264,0
安積永盛,140.36882,37.35659,0
須賀川,140.3714225,37.300365,0
杉田,140.413978,37.563483999999995,0
新白河,140.187535,37.12254,0
西那須野,139.98644333333334,36.883810000000004,0
二本松,140.43552,37.589465000000004,0
本宮,140.399335,37.513735,0
那須塩原,140.02106,36.931545,0
久田野,140.260185,37.137525,0
宇都宮,139.89874333333333,36.55980666666667,0
宝積寺,139.97952,36.631625,0
石橋,139.86651,36.43624,0
古河,139.70971500000002,36.194415,0
氏家,139.96213333333333,36.68160666666667,0
片岡,139.94554,36.75468,0
間々田,139.76111500000002,36.257909999999995,0
蒲須坂,139.95043833333335,36.720621666666666,0
小山,139.80662999999998,36.31344,0
岡本,139.94425,36.598265,0
野崎,139.958105,36.84381,0
自治医大,139.854515,36.39538,0
小金井,139.84228000000002,36.374485,0
雀宮,139.87704250000002,36.493725000000005,0
矢板,139.932975,36.80662,0
野木,139.73479500000002,36.229905,0
田端,139.761575,35.737475,42605
日暮里,139.77119,35.72798666666666,53217
西日暮里,139.766715,35.732175,55790
上野,139.77585499999998,35.71322,303515
上野,139.776185,35.713390000000004,309598
秋葉原,139.773045,35.698535,388867
上野,139.77730666666668,35.71433,253570
日暮里,139.77087714285713,35.72739285714285,56115
尾久,139.753725,35.74687,31875
上野,139.77751,35.713865,313398
御徒町,139.77471500000001,35.707195,510281
鶯谷,139.77803,35.721455,67255
王子,139.73820999999998,35.752325,30151
上中里,139.746286,35.746888,34285
赤羽,139.72095,35.77755,72914
大宮,139.62437,35.906435,0
大宮,139.62309666666667,35.906169999999996,0
浦和,139.657145,35.858565,0
栗橋,139.69403499999999,36.135715000000005,0
南浦和,139.668615,35.848335000000006,0
北戸田,139.66144500000001,35.826755000000006,0
新白岡,139.67189000000002,36.038250000000005,0
北与野,139.6285475,35.890765,0
与野本町,139.626005,35.880925000000005,0
さいたま新都心,139.63389999999998,35.893595,0
蓮田,139.652965,35.981165000000004,0
東鷲宮,139.67969499999998,36.089635,0
与野,139.63899,35.884375,0
久喜,139.677375,36.06581,0
白岡,139.66688,36.01778,0
東大宮,139.64026,35.948359999999994,0
西川口,139.70436,35.815515000000005,0
北浦和,139.64575000000002,35.8722,0
武蔵浦和,139.64686,35.845414,0
東十条,139.72674500000002,35.76383,38948
川口,139.71748000000002,35.801795000000006,0
戸田公園,139.67835000000002,35.807765,0
大宮,139.62437333333335,35.90571,0
南与野,139.631055,35.867355,0
浮間舟渡,139.69149142857142,35.79126428571429,22502
北赤羽,139.705834,35.786974,13399
赤羽,139.72126,35.777524285714286,72914
戸田,139.66960999999998,35.817595,0
蕨,139.690415,35.82793,0
土呂,139.632195,35.931915000000004,0
中浦和,139.63730249999998,35.853915,0
東京,139.766685,35.680965,1179322
東京,139.76755333333332,35.68117,1142177
東京,139.76723,35.681180000000005,1058873
神田,139.770875,35.69177,562063
安房鴨川,140.10370999999998,35.10762,0
蘇我,140.13065333333336,35.582323333333335,0
岩井,139.84987,35.093050000000005,0
巖根,139.933805,35.414784999999995,0
太海,140.09623,35.081485,0
五井,140.089745,35.513115,0
保田,139.83816000000002,35.141465,0
千歳,139.96627999999998,34.99135,0
木更津,139.92614399999997,35.38174,0
上総湊,139.870995,35.22183,0
大貫,139.855625,35.291624999999996,0
袖ヶ浦,139.95721,35.431905,0
佐貫町,139.87614,35.259985,0
江見,140.06114,35.0625,0
南三原,139.97906999999998,35.021195,0
館山,139.86199,34.995915,0
浜野,140.132185,35.552099999999996,0
千倉,139.95453,34.9768075,0
八幡宿,140.120035,35.536159999999995,0
那古船形,139.8514,35.02904,0
九重,139.91139500000003,34.997515,0
青堀,139.85888,35.330565,0
竹岡,139.83003,35.19759,0
浜金谷,139.82226,35.168195,0
姉ヶ崎,140.04193333333333,35.478649999999995,0
和田浦,140.01961,35.04171,0
安房勝山,139.83341000000001,35.114065,0
長浦,139.995425,35.450285,0
富浦,139.83775500000002,35.046229999999994,0
君津,139.895515,35.333645000000004,0
津田山,139.60072,35.60365,0
宿河原,139.579545,35.61542,108
武蔵新城,139.62909,35.587415,0
久地,139.593075,35.610105000000004,0
武蔵溝ノ口,139.611375,35.598815,0
尻手,139.6843,35.530975,0
平間,139.67109499999998,35.560565,0
浜川崎,139.71377999999999,35.510385,0
矢向,139.68037999999999,35.53946,0
川崎,139.69681,35.531364999999994,0
川崎新町,139.69925999999998,35.518325000000004,0
八丁畷,139.691375,35.523070000000004,0
向河原,139.667295,35.572175,9175
武蔵小杉,139.65980666666667,35.57656333333333,0
鹿島田,139.67498,35.551455000000004,0
武蔵中原,139.64213999999998,35.58056,0
矢川,139.43159,35.685075,14002
立川,139.414305,35.697535,211590
稲田堤,139.535935,35.63341,0
矢野口,139.520435,35.641735,3904
中野島,139.55107500000003,35.63002,0
西国立,139.423905,35.69379,190457
登戸,139.57020666666668,35.620709999999995,2100
分倍河原,139.46891499999998,35.66842,42083
府中本町,139.47726333333333,35.66584666666666,56377
稲城長沼,139.50261,35.644275,9761
谷保,139.44678,35.68138,8965
南多摩,139.48954500000002,35.649215,5541
鶴田,139.8588,36.53828,0
宇都宮,139.89874333333333,36.55980666666667,0
文挟,139.72788666666668,36.63759666666667,0
鹿沼,139.762995,36.57119,0
下野大沢,139.73239999999998,36.686440000000005,0
日光,139.622195,36.747395,0
今市,139.687365,36.720375000000004,0
大形,139.129335,37.91543,0
佐々木,139.26980666666665,37.949803333333335,0
東新潟,139.108655,37.908785,0
豊栄,139.21562666666668,37.91954666666667,0
黒山,139.24139000000002,37.937285,0
早通,139.178175,37.921115,0
新崎,139.15837,37.922425000000004,0
新発田,139.33497666666668,37.94385333333333,0
新潟,139.06124666666668,37.91223,0
西新発田,139.30675,37.941365000000005,0
鮫,141.5549975,40.530255,0
長苗代,141.465855,40.521339999999995,0
種市,141.715195,40.410385000000005,0
大久喜,141.622955,40.495125,0
陸中中野,141.78776,40.30507,0
階上,141.664915,40.456895,0
白銀,141.54172000000003,40.52202333333333,0
陸中夏井,141.791985,40.20767,0
小中野,141.51010000000002,40.51878,0
平内,141.69923,40.425574999999995,0
種差海岸,141.60734,40.50692,0
有家,141.77309,40.324045,0
玉川,141.73502,40.380415,0
宿戸,141.74685,40.366080000000004,0
陸中八木,141.76671,40.345365,0
侍浜,141.760595,40.26161,0
陸奥白浜,141.59229,40.516639999999995,0
角の浜,141.68176499999998,40.44446,0
大蛇,141.65082999999998,40.467195000000004,0
陸奥湊,141.52740333333333,40.52316666666667,0
金浜,141.63732,40.476015000000004,0
本八戸,141.488995,40.516375,0
八戸,141.43141000000003,40.509190000000004,0
久慈,141.770845,40.190505,0
倉賀野,139.04962166666667,36.30023333333333,0
丹荘,139.10258499999998,36.216465,0
群馬藤岡,139.083465,36.25032,0
松久,139.1821,36.173065,0
北藤岡,139.08146499999998,36.2821225,0
児玉,139.13571000000002,36.192843333333336,0
高麗川,139.33813,35.896370000000005,0
拝島,139.34380249999998,35.7212425,26028
折原,139.195325,36.096175,0
金子,139.32861,35.810815000000005,0
小宮,139.36847749999998,35.685865,16778
箱根ヶ崎,139.346735,35.771695,9589
毛呂,139.309335,35.940735000000004,0
寄居,139.193525,36.117855,0
竹沢,139.22995,36.075500000000005,0
北八王子,139.3634,35.669275,48460
明覚,139.289215,36.003565,0
東飯能,139.32613,35.85302,0
八王子,139.33888,35.65549333333334,125092
越生,139.29925666666668,35.96286333333333,0
用土,139.20063000000002,36.153870000000005,0
小川町,139.26069,36.058995,0
東福生,139.3358875,35.7457475,24732
十日町,138.75646,37.1348,0
内ヶ巻,138.851765,37.25001,0
森宮野原,138.57745,36.989445,0
足滝,138.60372,36.99897,0
上桑名川,138.44141,36.96294,0
西大滝,138.48086750000002,36.979235,0
横倉,138.55034,36.979905,0
越後田沢,138.69473333333335,37.055366666666664,0
越後水沢,138.71819,37.074295,0
津南,138.63938000000002,37.0235025,0
越後岩沢,138.79719999999998,37.240785,0
越後鹿渡,138.671595,37.04809,0
魚沼中条,138.77249,37.15947,0
下条,138.78003999999999,37.19839,0
越後田中,138.62707999999998,37.005275,0
信濃白鳥,138.503035,36.9836,0
越後川口,138.8618381818182,37.272922727272736,0
平滝,138.533745,36.98604,0
桑名川,138.45797,36.97589333333333,0
土市,138.729435,37.097485000000006,0
豊野,138.27555999999998,36.711095,0
立ヶ花,138.30701,36.731300000000005,0
上境,138.41904,36.937985,0
替佐,138.324145,36.7693,0
戸狩野沢温泉,138.39294,36.91666,0
北飯山,138.36386,36.858819999999994,0
蓮,138.349185,36.808840000000004,0
信濃平,138.378485,36.885005,0
上今井,138.31947,36.7533525,0
飯山,138.35879475500002,36.846028325,0
信濃浅野,138.29449,36.72177,0
郡山,140.388865,37.398145,0
笈川,139.89534,37.57914,0
東長原,139.948125,37.566525,0
猪苗代,140.1033,37.54628,0
翁島,140.054,37.55281,0
磐梯町,139.99343249999998,37.5573675,0
磐梯熱海,140.270625,37.480765,0
猪苗代湖畔,140.147585,37.500635,0
川桁,140.13692,37.535595,0
山都,139.76656,37.639205000000004,0
安子ヶ島,140.310565,37.471895,0
塩川,139.88719666666665,37.594100000000005,0
荻野,139.72225,37.617555,0
関都,140.143595,37.515635,0
喜久田,140.34199999999998,37.451589999999996,0
喜多方,139.86811,37.643855,0
会津豊川,139.87682333333333,37.63356666666666,0
姥堂,139.88098666666667,37.61599666666667,0
広田,139.93338333333335,37.549263333333336,0
上戸,140.16357,37.48786,0
中山宿,140.219495,37.495689999999996,0
会津若松,139.93017,37.50895,0
堂島,139.911745,37.554765,0
北五泉,139.16968,37.746815,0
新関,139.16239000000002,37.768235,0
東下条,139.32196666666667,37.73670666666666,0
鹿瀬,139.48023,37.69596,0
津川,139.446965,37.688185000000004,0
五十島,139.3534666666667,37.715916666666665,0
日出谷,139.534,37.70572,0
三川,139.381495,37.7084,0
新津,139.12121,37.8003,0
馬下,139.26037333333332,37.73757666666666,0
豊実,139.5763433333333,37.68052333333333,0
五泉,139.17979333333332,37.73437,0
尾登,139.69147666666666,37.60894666666667,0
徳沢,139.60288,37.66690666666667,0
野沢,139.64424,37.59104333333334,0
東新津,139.143585,37.787725,0
上野尻,139.63389999999998,37.625029999999995,0
猿和田,139.22235666666666,37.72962666666667,0
咲花,139.29090333333332,37.73499999999999,0
郡山,140.388865,37.398145,0
小川郷,140.862525,37.126455,0
要田,140.520835,37.45417333333333,0
磐城常葉,140.605845,37.42076,0
赤井,140.866335,37.08064,0
三春,140.47854999999998,37.449825000000004,0
菅谷,140.644585,37.350485,0
江田,140.826435,37.179145,0
夏井,140.662715,37.252985,0
神俣,140.659665,37.324745,0
小野新町,140.63657,37.275785,0
いわき,140.892355,37.058220000000006,0
大越,140.63044,37.38747,0
舞木,140.43531000000002,37.416700000000006,0
川前,140.75029,37.205635,0
船引,140.57461,37.443125,0
東松戸,139.94377,35.77076,0
船橋法典,139.966684,35.73052,0
市川大野,139.95128,35.755405,0
新松戸,139.92111,35.82548666666667,0
西船橋,139.9595325,35.707225,0
新八柱,139.938555,35.791290000000004,0
東川口,139.7438966666667,35.87513666666666,0
三郷,139.88683500000002,35.844835,0
南流山,139.90422999999998,35.837845,0
吉川,139.8431825,35.876645,0
南越谷,139.79136333333335,35.87604666666667,0
新三郷,139.86953499999998,35.85839,0
北朝霞,139.58722999999998,35.815470000000005,0
武蔵浦和,139.647935,35.846045000000004,0
東浦和,139.70453666666666,35.86405666666666,0
南浦和,139.66894000000002,35.847584999999995,0
西浦和,139.627765,35.844185,0
北府中,139.471795,35.680855,31269
新秋津,139.49375500000002,35.778310000000005,13889
東所沢,139.51454,35.79489,98
府中本町,139.47709,35.66581666666667,56377
新小平,139.47050666666667,35.730943333333336,23387
西国分寺,139.465985,35.69991,13909
新座,139.55623,35.803779999999996,0
米沢,140.128285,37.909414999999996,0
今泉,140.04423,38.0567,0
羽前松岡,139.780445,38.045395,0
犬川,140.05211333333332,38.0254,0
成島,140.07556,37.943365,0
羽前小松,140.048545,38.004685,0
小国,139.75017,38.061449999999994,0
中郡,140.06727999999998,37.969195,0
伊佐領,139.82265,38.051050000000004,0
羽前椿,139.99428,38.038619999999995,0
羽前沼沢,139.87249500000001,38.02879,0
萩生,140.00428,38.061910000000005,0
手ノ子,139.96125999999998,38.011759999999995,0
南米沢,140.10827,37.89605,0
西米沢,140.08483,37.917255,0
越後大島,139.518325,38.099644999999995,0
越後下関,139.56015000000002,38.089985,0
坂町,139.44583666666665,38.11928666666667,0
越後片貝,139.622415,38.070775,0
越後金丸,139.663525,38.066509999999994,0
岩沢,140.931565,39.301155,0
横川目,140.9722,39.30924,0
北上,141.12144666666669,39.28148,0
ゆだ錦秋湖,140.83531,39.295535,0
藤根,141.03958,39.301105,0
立川目,140.99724,39.307815,0
和賀仙人,140.90975,39.308245,0
柳原,141.11169999999998,39.29463,0
江釣子,141.07578,39.29846,0
矢美津,140.59203,39.2913,0
黒沢,140.69969,39.276203333333335,0
ほっとゆだ,140.77554666666666,39.314429999999994,0
相野々,140.61870333333334,39.27811,0
ゆだ高原,140.73717,39.30108,0
小松川,140.64616999999998,39.2934,0
平石,140.628455,39.2917,0
横手,140.56043499999998,39.31028,0
高崎,139.013024,36.322644000000004,0
安中榛名,138.84959333333333,36.362543333333335,0
佐久平,138.46475999999998,36.278200000000005,0
軽井沢,138.6349175,36.3425975,0
上田,138.25023,36.39614,0
長野,138.18887,36.642815,0
矢作,138.85166500000003,37.69065,0
燕,138.928485,37.667640000000006,0
弥彦,138.83178,37.699195,0
吉田,138.87859,37.6871,0
西燕,138.909255,37.679785,0
北三条,138.955625,37.632765000000006,0
燕三条,138.93965,37.648869999999995,0
東三条,138.974755,37.628545,0
余目,139.911315,38.844365,0
新庄,140.306105,38.762515,0
南野,139.94471499999997,38.818185,0
古口,140.145985,38.73716,0
羽前前波,140.2095,38.747704999999996,0
清川,140.02068666666665,38.79018,0
狩川,139.97676,38.793684999999996,0
高屋,140.071015,38.752505,0
津谷,140.18635,38.7376,0
升形,140.24426,38.751580000000004,0
有備館,140.86436,38.65805,0
岩出山,140.87155666666666,38.65249666666667,0
塚目,140.937095,38.572485,0
上野目,140.859365,38.680525,0
池月,140.83563,38.70906,0
東大崎,140.897065,38.60567,0
西大崎,140.88969,38.630025,0
小牛田,141.064415,38.54066,0
西古川,140.89546,38.57816,0
古川,140.9677775,38.5705975,0
北浦,141.02313,38.559870000000004,0
陸前谷地,140.99954,38.565135,0
新庄,140.306105,38.762515,0
堺田,140.61278,38.735565,0
立小路,140.54271,38.742014999999995,0
東長沢,140.38216999999997,38.71891,0
鳴子御殿湯,140.73748666666665,38.74454,0
赤倉温泉,140.553565,38.7305425,0
大堀,140.4754,38.76593,0
南新庄,140.31620999999998,38.72154666666666,0
鵜杉,140.45367,38.76493,0
最上,140.51765999999998,38.75593,0
長沢,140.36576,38.70977666666667,0
瀬見温泉,140.41962999999998,38.755129999999994,0
鳴子温泉,140.71596,38.743355,0
中山平温泉,140.66802,38.72652,0
川渡温泉,140.7792,38.73686,0
小山,139.80641250000002,36.312245000000004,0
栃木,139.73102,36.371935,0
思川,139.781125,36.35105,0
大平下,139.697245,36.344335,0
岩舟,139.65792,36.326565,0
山前,139.41127,36.347390000000004,0
佐野,139.5789,36.316559999999996,0
桐生,139.33325333333335,36.41109666666666,0
岩宿,139.29715000000002,36.39591,0
新前橋,139.04700000000003,36.379005,0
前橋,139.07337,36.38347,0
前橋大島,139.10920000000002,36.37079333333333,0
足利,139.45635,36.331869999999995,0
伊勢崎,139.19331,36.32688,0
富田,139.52879000000001,36.31618,0
小俣,139.374425,36.37499,0
駒形,139.139545,36.35411,0
国定,139.242455,36.359004999999996,0
太子堂,140.88369666666668,38.21763333333334,0
東北福祉大前,140.8428033333333,38.28043666666667,0
平田,137.96256000000002,36.19171,0
西大宮,139.57896666666667,35.92198333333334,0
西府,139.45738999999998,35.670935,12897
越谷レイクタウン,139.82253,35.876115,0
武蔵小杉,139.66341045454544,35.574797636363634,0
七戸十和田,141.1539085,40.719931,0
新青森,140.69347975,40.82779875,0
東神奈川,139.633165,35.477875,0
吉川美南,139.85812149999998,35.868087,0
碁石海岸口,141.71102398,39.002780455,0
奇跡の一本松,141.624376015,39.006786085,0
長野,138.18885,36.643460000000005,0
女川,141.44309715999998,38.44691918333333,0
飯山,138.35901085,36.845143199999995,0
上越妙高,138.24847131500002,37.081367150000005,0
天童南,140.36572361499998,38.341974485,0
東名,141.143933345,38.375284455,0
野蒜,141.15657542,38.37889648,0
北森,141.07211139499998,39.95648145,0
ベイサイドアリーナ,141.46154658,38.67987514,0
高田病院,141.662388895,39.018453155,0
長部,141.618340505,38.98618865,0
高田高校前,141.63592155,39.014941365,0
大船渡魚市場前,141.72078024500001,39.05121876,0
石巻あゆみ野,141.25922018,38.43603083,0
小田栄,139.70507562999998,35.51441689,0
館林,139.527805,36.246615,0
新伊勢崎,139.201815,36.318084999999996,0
福居,139.45866999999998,36.305205,0
茂林寺前,139.527045,36.22635,0
県,139.47236,36.290625,0
境町,139.256255,36.277165,0
伊勢崎,139.194955,36.32642,0
細谷,139.34899000000001,36.282975,0
韮川,139.40251199999997,36.308224,0
川俣,139.526505,36.208884999999995,0
木崎,139.313005,36.27139,0
羽生,139.53403,36.170073333333335,0
世良田,139.281975,36.272940000000006,0
多々良,139.50032,36.27368,0
東武和泉,139.45508999999998,36.315655,0
野州山辺,139.43201,36.326285,0
太田,139.37876833333334,36.29420999999999,0
剛志,139.22388,36.295415,0
足利市,139.44818,36.329435,0
大袋,139.77794,35.9246,0
一ノ割,139.76603999999998,35.964875,0
堀切,139.81738,35.743345,9431
新田,139.795425,35.85411,0
鐘ヶ淵,139.82037,35.733760000000004,16406
姫宮,139.738685,36.004419999999996,0
せんげん台,139.774595,35.935955,0
浅草,139.798315,35.71198,115523
西新井,139.790365,35.77728,40717
谷塚,139.801465,35.81486,0
竹ノ塚,139.79072,35.79437,45224
小菅,139.81265,35.758685,9379
北越谷,139.77987000000002,35.901714999999996,0
春日部,139.75279,35.980070000000005,0
曳舟,139.81667333333334,35.71851,53402
新越谷,139.789815,35.875565,0
草加,139.80345499999999,35.82838,0
北春日部,139.74432,35.989940000000004,0
蒲生,139.791765,35.86689,0
東向島,139.81933500000002,35.724355,45066
とうきょうスカイツリー,139.809395,35.710465,56148
五反野,139.80963,35.765905000000004,27939
武里,139.77071,35.94908,0
越谷,139.78623499999998,35.88753,0
松原団地,139.800675,35.8433,0
梅島,139.79807499999998,35.772345,50226
北千住,139.8055625,35.74981,109493
牛田,139.81177000000002,35.744545,48965
和戸,139.7011,36.039645,0
加須,139.5955675,36.122947499999995,0
東武動物公園,139.72689,36.024699999999996,0
久喜,139.67761000000002,36.06555,0
花崎,139.633595,36.109944999999996,0
鷲宮,139.65696,36.096325,0
南羽生,139.55695500000002,36.149625,0
国谷,139.82385,36.451454999999996,0
野州平川,139.75378,36.40156,0
江曽島,139.860815,36.530955000000006,0
おもちゃのまち,139.82953500000002,36.466745,0
南宇都宮,139.87195333333332,36.54371666666667,0
東武宇都宮,139.88060000000002,36.55866,0
安塚,139.83562,36.485645000000005,0
野州大塚,139.77259500000002,36.408775,0
壬生,139.80500999999998,36.422435,0
西川田,139.850305,36.514250000000004,0
新栃木,139.74235,36.390060000000005,0
西大家,139.35646,35.93176,0
坂戸,139.394045,35.957049999999995,0
武州唐沢,139.30928250000002,35.952197500000004,0
越生,139.29961333333333,35.96280333333333,0
東毛呂,139.31533000000002,35.94715,0
川角,139.346475,35.937605000000005,0
武州長瀬,139.32619,35.941995000000006,0
一本松,139.37008,35.940215,0
新藤原,139.73300999999998,36.852455,0
小佐越,139.7065,36.80224,0
新高徳,139.71071,36.77977,0
大桑,139.7135825,36.76082,0
鬼怒川温泉,139.71668,36.822525,0
鬼怒川公園,139.722825,36.841575,0
下今市,139.69277,36.7256,0
大谷向,139.69194,36.732275,0
曳舟,139.81667333333334,35.71851,53402
東あずま,139.831595,35.707375,49913
小村井,139.82761,35.710319999999996,41582
亀戸,139.8272,35.697735,99851
亀戸水神,139.83339,35.699945,59227
太田,139.37876833333334,36.29420999999999,0
赤城,139.27678,36.425619999999995,0
藪塚,139.31582,36.358720000000005,0
阿左美,139.30652857142857,36.385087142857145,0
相老,139.303915,36.410635,0
治良門橋,139.341365,36.333025,0
新桐生,139.320092,36.395054,0
三枚橋,139.354965,36.3134,0
館林,139.527805,36.246615,0
田沼,139.58191,36.36707,0
渡瀬,139.53748,36.26184000000001,0
多田,139.59296,36.378074999999995,0
堀米,139.58033,36.32844,0
佐野市,139.5759,36.30624,0
葛生,139.609285,36.397885,0
吉水,139.57934999999998,36.345625,0
佐野,139.579135,36.316845,0
田島,139.564905,36.290225,0
太田,139.379155,36.29392,0
東小泉,139.42856,36.259715,0
成島,139.50557,36.24908,0
竜舞,139.4091,36.27885,0
西小泉,139.40850999999998,36.258665,0
小泉町,139.42025,36.26153,0
本中野,139.46954,36.258445,0
館林,139.527805,36.246615,0
篠塚,139.44609,36.256815,0
西新井,139.790365,35.77728,40717
大師前,139.781655,35.77895,39042
池袋,139.71116999999998,35.731179999999995,611146
大山,139.70262333333332,35.74841,66391
北池袋,139.71639499999998,35.740335,213494
成増,139.63289749999998,35.777592500000004,41513
上板橋,139.67620499999998,35.763615,27807
下赤塚,139.64485000000002,35.770485,31087
中板橋,139.694385,35.756280000000004,50431
ときわ台,139.68876,35.758905,36133
朝霞台,139.5873,35.814345,0
朝霞,139.6003,35.796765,0
下板橋,139.715615,35.745067500000005,53659
東武練馬,139.66254,35.768649999999994,47650
和光市,139.612865,35.78835,0
森林公園,139.37533000000002,36.045165,0
川越市,139.477095,35.914135,0
柳瀬川,139.56246,35.830560000000006,0
鶴瀬,139.53930666666665,35.84570333333333,0
若葉,139.40848666666668,35.94907333333333,0
東武竹沢,139.23761333333331,36.075253333333336,0
北坂戸,139.39684499999998,35.97198,0
寄居,139.19368,36.11731,0
川越,139.48299250000002,35.907355,0
東松山,139.4015875,36.03464,0
鶴ヶ島,139.42391,35.93679,0
高坂,139.397692,36.002928000000004,0
みずほ台,139.550785,35.8382,0
志木,139.5753,35.82217,0
武蔵嵐山,139.32774,36.044385,0
鉢形,139.20863500000002,36.113725,0
玉淀,139.20019,36.11696,0
男衾,139.23399999999998,36.107865000000004,0
ふじみ野,139.52309,35.860744999999994,0
上福岡,139.51187,35.87387,0
霞ヶ関,139.4438525,35.925462499999995,0
新河岸,139.4973,35.89102,0
つきのわ,139.345565,36.043515,0
小川町,139.26065,36.05873,0
坂戸,139.39390666666668,35.957240000000006,0
新栃木,139.74235,36.390060000000005,0
樅山,139.741736,36.53333,0
板荷,139.70778,36.6194,0
新大平下,139.701865,36.33897,0
楡木,139.74526999999998,36.50688,0
下小代,139.71394750000002,36.651115,0
家中,139.74745000000001,36.42979,0
北鹿沼,139.737754,36.580686,0
栃木,139.73149,36.371669999999995,0
明神,139.71220499999998,36.676555,0
東武金崎,139.749485,36.466300000000004,0
合戦場,139.74102,36.407585,0
新鹿沼,139.74478,36.556830000000005,0
藤岡,139.6456,36.255585,0
下今市,139.69277,36.7256,0
東武日光,139.61972,36.74824,0
上今市,139.68086,36.72801,0
新古河,139.68701499999997,36.1927,0
板倉東洋大前,139.64862499999998,36.222205,0
東武日光,139.62014,36.747935,0
柳生,139.659955,36.20659,0
静和,139.68493,36.31653,0
東武動物公園,139.72689,36.024699999999996,0
幸手,139.71491,36.07407,0
南栗橋,139.71283,36.11314,0
杉戸高野台,139.714545,36.05135,0
栗橋,139.694025,36.137855,0
柏,139.970465,35.861985,0
馬込沢,139.992205,35.741655,0
増尾,139.97632499999997,35.82982,0
鎌ヶ谷,139.99731,35.763785,0
逆井,139.983705,35.823282500000005,0
六実,139.99924499999997,35.793705,0
高柳,139.99898,35.808305,0
塚田,139.98290500000002,35.722125,0
新船橋,139.97982,35.711565,0
新柏,139.96704,35.8381,0
船橋,139.98436500000003,35.7021,0
流山おおたかの森,139.92576000000003,35.872085,0
豊四季,139.93928,35.866535,0
七光台,139.85295000000002,35.97085,0
梅郷,139.891095,35.93158,0
運河,139.906035,35.91437,0
川間,139.834545,35.97919,0
南桜井,139.80839500000002,35.980599999999995,0
藤の牛島,139.77807,35.980335,0
春日部,139.75238,35.979995,0
清水公園,139.86030499999998,35.958794999999995,0
八木崎,139.7423,35.978575,0
初石,139.91791,35.883840000000006,0
野田市,139.8707925,35.9437425,0
愛宕,139.864625,35.950615,0
江戸川台,139.91053,35.89723,0
大宮,139.62425000000002,35.90775,0
大和田,139.651015,35.92935,0
七里,139.66601,35.936490000000006,0
北大宮,139.624805,35.91794,0
岩槻,139.69313,35.95025,0
東岩槻,139.71227,35.96329,0
豊春,139.726185,35.968035,0
大宮公園,139.63308,35.92388,0
新鎌ヶ谷,139.99947666666668,35.78077,0
押上,139.81369,35.70868333333333,72464
西所沢,139.456245,35.7887575,0
下山口,139.441165,35.779444999999996,0
西武球場前,139.42044,35.771575,0
東村山,139.46586000000002,35.759965,21148
小川,139.46349500000002,35.737565000000004,23546
鷹の台,139.46106,35.72301,4105
国分寺,139.480558,35.700131999999996,56534
恋ヶ窪,139.46389,35.711349999999996,9823
西武遊園地,139.44271500000002,35.765785,527
西武球場前,139.420235,35.77078,0
遊園地西,139.44019,35.76903,512
下井草,139.624735,35.723870000000005,22758
下落合,139.69529,35.715695000000004,39399
高田馬場,139.70399999999998,35.71248333333333,48696
野方,139.65349333333333,35.719586666666665,24787
鷺ノ宮,139.63984499999998,35.722620000000006,22555
上井草,139.602955,35.725255,14001
中井,139.686645,35.71507,37545
都立家政,139.64543,35.72219,24090
新井薬師前,139.6724975,35.715802499999995,88477
井荻,139.61554666666666,35.72466333333333,27772
上石神井,139.59229,35.726195000000004,28336
沼袋,139.66484,35.71916,28275
西武新宿,139.70006666666666,35.696130000000004,1092364
小平,139.488445,35.736914999999996,24690
東村山,139.46586000000002,35.759965,21148
狭山市,139.413392,35.85734,0
入曽,139.427185,35.832385,0
南大塚,139.45418999999998,35.889695,0
航空公園,139.46559000000002,35.798339999999996,0
本川越,139.48113,35.913675,0
新狭山,139.43379,35.874155,0
新所沢,139.45717,35.805805,0
所沢,139.47328,35.78682,0
久米川,139.472695,35.749525000000006,36389
武蔵関,139.576365,35.727615,27276
田無,139.538985,35.727195,44661
花小金井,139.51332,35.726145,20635
西武柳沢,139.5524,35.72858,40918
東伏見,139.56357500000001,35.728755,20904
東村山,139.46586000000002,35.759965,21148
西武園,139.448895,35.767735,1370
吾野,139.22591,35.90831333333333,0
横瀬,139.098275,35.9845,0
西武秩父,139.08299499999998,35.99001,0
西吾野,139.202415,35.926995000000005,0
芦ヶ久保,139.13600000000002,35.976405,0
正丸,139.181485,35.9383,0
小竹向原,139.67952000000002,35.743395,36502
練馬,139.65444000000002,35.737935,51932
新桜台,139.66857333333334,35.74098,32123
八坂,139.46775,35.74489,38123
国分寺,139.47927599999997,35.701071999999996,56534
一橋学園,139.480065,35.722105,10767
萩山,139.47687000000002,35.7407625,12014
西武遊園地,139.44271500000002,35.765785,527
武蔵大和,139.44404,35.756434999999996,6262
青梅街道,139.47656999999998,35.730990000000006,19442
武蔵境,139.544265,35.70191,51875
新小金井,139.526745,35.69592,10669
競艇場前,139.49966,35.65621,2434
多磨,139.51715000000002,35.676825,5026
白糸台,139.509525,35.666305,26444
是政,139.48864,35.656185,6836
池袋,139.71083,35.72766,611382
練馬,139.65444000000002,35.737935,51932
石神井公園,139.60655500000001,35.74364,33658
江古田,139.672785,35.737465,35418
富士見台,139.629815,35.73585,27773
中村橋,139.63717,35.736670000000004,30570
桜台,139.6624,35.738745,58969
東長崎,139.68318499999998,35.729969999999994,32146
練馬高野台,139.616835,35.740615000000005,41736
椎名町,139.69431500000002,35.726495,64149
大泉学園,139.58665249999999,35.7494075,42883
小手指,139.43804,35.800585,0
東吾野,139.26027499999998,35.89247,0
元加治,139.3453066666667,35.840583333333335,0
清瀬,139.5199233333333,35.77195666666666,25531
仏子,139.36019,35.837675000000004,0
狭山ヶ丘,139.41702,35.810405,0
飯能,139.318842,35.851204,0
秋津,139.4968425,35.7784925,11825
東久留米,139.53375,35.76045,24898
武蔵横手,139.28071599999998,35.88522,0
武蔵藤沢,139.412755,35.82085,0
高麗,139.30434,35.88206285714286,0
東飯能,139.32598000000002,35.85302,0
西所沢,139.456245,35.7887575,0
稲荷山公園,139.39936666666668,35.84468833333333,0
吾野,139.22591,35.90831333333333,0
入間市,139.39032,35.8428825,0
ひばりヶ丘,139.54576500000002,35.7514375,23320
所沢,139.473445,35.786685,0
保谷,139.56823666666665,35.748263333333334,13259
萩山,139.47687000000002,35.7407625,12014
小平,139.488445,35.736914999999996,24690
小川,139.46349500000002,35.737565000000004,23546
拝島,139.34416666666667,35.72111,26028
東大和市,139.434295,35.732905,17713
西武立川,139.369655,35.72618,15163
武蔵砂川,139.39234499999998,35.728825,5993
玉川上水,139.418775,35.731705000000005,27616
練馬,139.65444000000002,35.737935,51932
豊島園,139.64802,35.742035,38476
柏たなか,139.957515,35.91086,0
守谷,139.99201,35.950015,0
万博記念公園,140.059375,36.058400000000006,0
流山おおたかの森,139.924955,35.871755,0
みどりの,140.056205,36.029920000000004,0
つくば,140.110545,36.082425,0
みらい平,140.038345,35.994405,0
研究学園,140.08228,36.082165,0
柏の葉キャンパス,139.952525,35.893315,0
北千住,139.80517500000002,35.749865,109493
三郷中央,139.87837000000002,35.824484999999996,0
六町,139.82180499999998,35.78478,33009
浅草,139.79245500000002,35.71393,126357
八潮,139.84473500000001,35.807765,0
南流山,139.902795,35.83843,0
青井,139.820245,35.772,35305
秋葉原,139.77428333333333,35.69897,430451
南千住,139.79895,35.732985,39698
流山セントラルパーク,139.91518,35.85459,0
新御徒町,139.78234,35.70688,345795
高尾山,139.256075,35.631074999999996,2336
清滝,139.26670000000001,35.63108,8009
