伊東,139.092105,34.974835
来宮,139.06556999999998,35.09872
伊豆多賀,139.06691,35.05948333333333
宇佐美,139.079785,35.005635
網代,139.08106857142857,35.043510000000005
熱海,139.078078,35.10373
鴻野山,140.051685,36.666444999999996
滝,140.13824499999998,36.64857
烏山,140.1551,36.65041
仁井田,140.029625,36.657275
小塙,140.11664000000002,36.643105
大金,140.0957,36.656279999999995
下野花岡,140.00867499999998,36.649985
宝積寺,139.97952,36.631625
秋田,140.12949500000002,39.717299999999994
羽後牛島,140.1165,39.695859999999996
桂根,140.06640249999998,39.6475475
下浜,140.06452666666667,39.619683333333334
新屋,140.08774499999998,39.677437499999996
羽後本荘,140.05759999999998,39.38686
羽前大山,139.76797666666667,38.74213
東酒田,139.875265,38.907565000000005
酒田,139.845915,38.92221
折渡,140.09113000000002,39.476395
吹浦,139.87863666666667,39.070040000000006
岩城みなと,140.05487,39.546155
西袋,139.907715,38.81151
女鹿,139.88097,39.09875
南鳥海,139.89871499999998,38.98743
西目,140.01874500000002,39.34776
遊佐,139.905135,39.01599
金浦,139.92076666666665,39.25626666666667
羽後岩谷,140.08937,39.44162
羽前水沢,139.731545,38.71356
鶴岡,139.83539000000002,38.740095
羽後亀田,140.06302,39.493894999999995
象潟,139.9022725,39.20763
小砂川,139.88572,39.137600000000006
砂越,139.90733,38.895134999999996
仁賀保,139.96465999999998,39.28979666666667
上浜,139.9029,39.16469
本楯,139.88196333333332,38.968556666666665
藤島,139.89407,38.768635
余目,139.911315,38.844365
北余目,139.90812499999998,38.86754
道川,140.05707,39.560604999999995
月岡,139.27245666666667,37.88933666666667
間島,139.450255,38.273044999999996
岩船町,139.45968,38.183485000000005
村上,139.46331500000002,38.21988
加治,139.358555,37.976510000000005
あつみ温泉,139.5879075,38.624249999999996
小岩川,139.56596666666667,38.59041
中浦,139.3027625,37.912197500000005
平木田,139.42791666666668,38.094390000000004
越後早川,139.449945,38.316379999999995
越後寒川,139.49005,38.448765
小波渡,139.64968,38.692415
金塚,139.37955499999998,38.020300000000006
水原,139.21719249999998,37.83656
神山,139.244845,37.86287
五十川,139.616095,38.67064
三瀬,139.67340000000002,38.6994575
今川,139.46838,38.410145
平林,139.459025,38.150095
鼠ヶ関,139.54880666666668,38.555589999999995
勝木,139.51747,38.490269999999995
京ヶ瀬,139.178475,37.817625
府屋,139.53043250000002,38.5134775
桑川,139.458795,38.37518
中条,139.39800000000002,38.04989
新津,139.12121,37.8003
新発田,139.33497666666668,37.94385333333333
坂町,139.44583666666665,38.11928666666667
柏崎,138.55642,37.363555
岩室,138.879995,37.721424999999996
越後赤塚,138.908175,37.816
分水,138.839395,37.629165
小島谷,138.771345,37.57456
東柏崎,138.56591400000002,37.374048
白山,139.030046,37.911836
内野,138.9368825,37.858487499999995
刈羽,138.61965,37.429995
吉田,138.878565,37.687125
小木ノ城,138.70421666666667,37.515629999999994
新潟大学前,138.954575,37.869185
西中通,138.592825,37.392545
巻,138.88959499999999,37.756985
妙法寺,138.74211000000003,37.566445
青山,139.000875,37.89857000000001
越後曽根,138.911095,37.793495
北吉田,138.88222,37.702005
西山,138.64182499999998,37.448265
関屋,139.015155,37.906135
礼拝,138.66356000000002,37.459
寺尾,138.97394999999997,37.879196666666665
内野西が丘,138.926725,37.84614
荒浜,138.60195,37.40473
小針,138.991125,37.8895
粟生津,138.8735,37.65397
寺泊,138.81446499999998,37.62027
石地,138.68826,37.484125
南吉田,138.871045,37.671975
桐原,138.79251200000002,37.601772
出雲崎,138.71625,37.531825
新潟,139.06124666666668,37.91223
川部,140.52161,40.64707
青森,140.73465,40.83032
大館,140.55578500000001,40.28808
東能代,140.065725,40.191575
追分,140.057815,39.809960000000004
大張野,140.27414,39.663574999999994
大鰐温泉,140.56702333333334,40.52155333333334
下川沿,140.49663666666666,40.27635333333333
石川,140.53076,40.556135
大釈迦,140.587825,40.75667
弘前,140.48481333333334,40.60021666666666
碇ヶ関,140.622415,40.479020000000006
富根,140.17266,40.21798
大久保,140.06305,39.870905
北金岡,140.06345,40.141835
秋田,140.12949500000002,39.717299999999994
羽後境,140.32056,39.619195000000005
糠沢,140.397495,40.250685
羽後飯塚,140.07338,39.898965
鶴ヶ坂,140.635145,40.79117
鷹ノ巣,140.36966999999999,40.2322025
陣場,140.60763500000002,40.399015
上飯島,140.06844999999998,39.779335
鯉川,140.07754,39.996345000000005
森岳,140.07081,40.103215000000006
四ツ小屋,140.14489500000002,39.66193
八郎潟,140.07852,39.947829999999996
秋田,140.12975,39.71755
和田,140.218755,39.650875
浪岡,140.58095,40.71044
二ツ井,140.235655,40.212495000000004
白沢,140.59171,40.33812
長峰,140.60311000000002,40.516075
鶴形,140.11856999999998,40.203920000000004
撫牛子,140.497815,40.62153
前山,140.3124466666667,40.214769999999994
早口,140.447465,40.27133
井川さくら,140.07598000000002,39.911665
鹿渡,140.0826,40.044645
土崎,140.07344999999998,39.758905
北常盤,140.54373,40.670609999999996
津軽新城,140.671495,40.82781
津軽湯の沢,140.63231,40.44212
新青森,140.693365,40.827555000000004
大曲,140.47954,39.46586
横手,140.56043499999998,39.31028
新庄,140.306105,38.762515
南新庄,140.31620999999998,38.72154666666666
福島,140.45962500000002,37.754310000000004
福島,140.45860333333334,37.753710000000005
高畠,140.15281,37.992335
村山,140.38642,38.4771
三関,140.4838,39.110195
神宮寺,140.425835,39.49541
かみのやま温泉,140.27845000000002,38.151905
大滝,140.32018,38.971465
芦沢,140.36106,38.655465
峰吉川,140.323035,39.566736666666664
漆山,140.34766666666667,38.31433
及位,140.361185,38.99296
大沢,140.20035,37.83731
下湯沢,140.502535,39.19733
羽前豊里,140.2423,38.836755
袖崎,140.391355,38.54827
羽前千歳,140.34214,38.287375
茂吉記念館前,140.29827,38.17136
大石田,140.375385,38.59582
舟形,140.31610666666666,38.69171333333333
真室川,140.254865,38.858305
庭坂,140.38983000000002,37.77155
峠,140.23591249999998,37.81198
峠,140.2358066666667,37.81214666666667
刈和野,140.3718125,39.54817249999999
中川,140.20348,38.093345
関根,140.14627000000002,37.864595
さくらんぼ東根,140.38076,38.42861
湯沢,140.48704500000002,39.163579999999996
乱川,140.374765,38.38681
南出羽,140.34465,38.30257
蔵王,140.303355,38.205884999999995
板谷,140.26816000000002,37.81133
天童,140.36943,38.36005666666667
山形,140.3274725,38.24845
横堀,140.451535,39.064705000000004
院内,140.413955,39.049625
上湯沢,140.485245,39.134135
羽前中山,140.218725,38.12511
飯詰,140.51527333333334,39.4063
釜淵,140.26398,38.932990000000004
赤岩,140.33499,37.805715
赤湯,140.14901,38.04723
東根,140.38409000000001,38.450945000000004
神町,140.37849,38.412310000000005
北大石田,140.37125500000002,38.62961
米沢,140.128285,37.909414999999996
醍醐,140.53855,39.24865
柳田,140.55383,39.276335
笹木野,140.42611,37.765879999999996
高擶,140.35883,38.330709999999996
泉田,140.310058,38.81181
後三年,140.53846333333334,39.36487666666667
十文字,140.52648499999998,39.221365000000006
北山形,140.332695,38.265935
置賜,140.14255,37.954055
衣笠,139.66099,35.25711
久里浜,139.70096,35.233066666666666
横須賀,139.65481333333332,35.28424
田浦,139.63752499999998,35.29284
東逗子,139.60182,35.298765
逗子,139.57835375,35.29740625
北鎌倉,139.54456499999998,35.33794
鎌倉,139.55042714285713,35.31927142857143
大船,139.531299235,35.353801942500006
新横浜,139.617425,35.506765
東神奈川,139.633165,35.477875
小机,139.59962000000002,35.508635
大口,139.64633500000002,35.492295
菊名,139.63024,35.509635
橋本,139.34502,35.594879999999996
中山,139.5393875,35.51468
成瀬,139.47296666666668,35.535379999999996
相模原,139.37062250000002,35.581487499999994
町田,139.44659000000001,35.541545
淵野辺,139.395334,35.568494
相原,139.33168,35.60693
八王子みなみ野,139.330965,35.631260000000005
十日市場,139.51667,35.52621
長津田,139.4952575,35.5316325
矢部,139.38655,35.57309
鴨居,139.56695000000002,35.510850000000005
片倉,139.341165,35.639675
古淵,139.41924,35.555980000000005
八王子,139.34025,35.655045
松尾八幡平,141.04393499999998,39.96924
湯瀬温泉,140.84031499999998,40.122375000000005
八幡平,140.80445,40.142985
東大更,141.14222999999998,39.902604999999994
赤坂田,141.003945,40.04851
兄畑,140.882935,40.115944999999996
平館,141.085205,39.95087
安比高原,140.99732,40.012635
好摩,141.173675,39.87416
横間,141.02717,40.107505
小屋の畑,141.02068,40.076445
荒屋新町,141.04925,40.097714999999994
田山,140.94407999999999,40.13973
大更,141.10084999999998,39.914105
末広,140.73732,40.229895
鹿角花輪,140.78517,40.188535
陸中大里,140.79345,40.158545000000004
大館,140.55578500000001,40.28808
十二所,140.66818,40.21434
土深井,140.71305,40.22249
柴平,140.78805499999999,40.23077
沢尻,140.69326999999998,40.23034
扇田,140.5725,40.229295
東大館,140.554675,40.26616
十和田南,140.77067,40.255970000000005
大滝温泉,140.63962,40.20978
本千葉,140.12153333333333,35.60039
千葉,140.112875,35.6132825
蘇我,140.13065333333336,35.582323333333335
新茂原,140.299715,35.44943
八積,140.34535499999998,35.403954999999996
三門,140.391445,35.282920000000004
本納,140.30757,35.48216
安房鴨川,140.10370999999998,35.10762
鵜原,140.278965,35.14125
鎌取,140.178675,35.5627125
上総一ノ宮,140.365525,35.374685
御宿,140.351445,35.18754
行川アイランド,140.22571,35.118255
茂原,140.30407000000002,35.42683
長者町,140.38481000000002,35.296260000000004
東浪見,140.37664999999998,35.34677
永田,140.3112825,35.5033425
安房小湊,140.18977,35.128635
太東,140.38129,35.320094999999995
浪花,140.37913500000002,35.222635
誉田,140.213785,35.547
大原,140.39103333333333,35.25084666666667
勝浦,140.31197,35.15262
土気,140.26982,35.5309025
安房天津,140.15474,35.125789999999995
上総興津,140.25047,35.137215
大網,140.3111381818182,35.52238818181819
晴山,141.25781999999998,39.366635
綾織,141.47682,39.328405000000004
上有住,141.68153,39.24199
青笹,141.56893000000002,39.31148
岩手二日町,141.45603,39.32349
小佐野,141.83647000000002,39.264570000000006
土沢,141.232535,39.3833
新花巻,141.173015,39.40581
松倉,141.80150500000002,39.256460000000004
遠野,141.53067,39.33255
柏木平,141.37985500000002,39.306065000000004
洞泉,141.76019,39.25045
荒谷前,141.42844,39.30991
岩手上郷,141.58584,39.284555
陸中大橋,141.718515,39.280435
宮守,141.35029,39.351074999999994
鱒沢,141.399245,39.300155000000004
小山田,141.19398999999999,39.408575
平倉,141.595665,39.264675
花巻,141.110325,39.393745
足ヶ瀬,141.645875,39.254775
似内,141.140945,39.406855
岩根橋,141.31878,39.355222499999996
釜石,141.872745,39.273300000000006
陸前小泉,141.50906,38.766825
本吉,141.502,38.786010000000005
大谷海岸,141.56722000000002,38.81386
小金沢,141.534904,38.795724
松岩,141.58375,38.87338
気仙沼,141.558845,38.910025000000005
最知,141.5814,38.853285
不動の沢,141.562095,38.898655000000005
南気仙沼,141.57686,38.894785
陸前階上,141.58035,38.837175
志津川,141.442945,38.678129999999996
陸前戸倉,141.43335000000002,38.647954999999996
陸前横山,141.35393,38.630785
歌津,141.51918666666668,38.71775333333334
のの岳,141.22582,38.55266
陸前港,141.530895,38.738609999999994
蔵内,141.52425,38.753995
清水浜,141.48681499999998,38.690375
陸前豊里,141.24351000000001,38.58231
和渕,141.220465,38.525885
柳津,141.306355,38.611824999999996
御岳堂,141.26474000000002,38.60574
前谷地,141.194385,38.51209
木更津,139.92614399999997,35.38174
東横田,140.03593999999998,35.386160000000004
小櫃,140.05978,35.328245
上総亀山,140.089505,35.233185000000006
上総清川,139.96564333333333,35.390836666666665
久留里,140.075605,35.295795
平山,140.06465500000002,35.274294999999995
上総松丘,140.06403,35.258205000000004
下郡,140.05541,35.35499
横田,140.02013,35.386205000000004
東清川,139.98582,35.39
馬来田,140.058515,35.366820000000004
祗園,139.948385,35.391615
俵田,140.061415,35.314625
西船橋,139.9595325,35.707225
新習志野,140.012975,35.6674
市川塩浜,139.92352499999998,35.6662325
稲毛海岸,140.07396,35.629509999999996
検見川浜,140.059085,35.63717
南船橋,139.9957,35.681665
海浜幕張,140.041995,35.648399999999995
千葉みなと,140.10279500000001,35.60671
二俣新町,139.959555,35.69132
舞浜,139.88371999999998,35.636160000000004
東京,139.76520666666667,35.67769333333333
越中島,139.792495,35.668
新浦安,139.91253,35.649519999999995
葛西臨海公園,139.861485,35.64417
八丁堀,139.77819000000002,35.67462
新木場,139.826845,35.645995
潮見,139.81717,35.658865000000006
蘇我,140.13065333333336,35.582323333333335
武蔵引田,139.270085,35.72969
武蔵五日市,139.22812,35.732145
武蔵増戸,139.256305,35.730955
熊川,139.33573,35.72829
秋川,139.28674999999998,35.728049999999996
拝島,139.34337666666667,35.72131666666667
東秋留,139.31167499999998,35.725935
川部,140.52161,40.64707
林崎,140.48055,40.67525
松神,139.94664,40.53518
向能代,140.03922,40.225675
陸奥沢辺,139.89499999999998,40.58617
あきた白神,139.98802999999998,40.386489999999995
大戸瀬,140.03376500000002,40.759495
広戸,139.955715,40.67462
鰺ヶ沢,140.220695,40.775355000000005
白神岳登山口,139.950355,40.51349
沢目,140.03779,40.29606
藤崎,140.500085,40.653625
陸奥赤石,140.16245,40.761825
越水,140.29790666666668,40.78732
八森,140.017895,40.3713
東八森,140.0325,40.332115
北能代,140.03376,40.254105
能代,140.03312,40.206465
鳴沢,140.26751000000002,40.782175
風合瀬,139.9946,40.73218
ウェスパ椿山,139.87126999999998,40.593055
岩館,139.96629000000001,40.4062
追良瀬,139.970015,40.686530000000005
東能代,140.065725,40.191575
板柳,140.46187,40.69724
大間越,139.95008,40.49242
陸奥森田,140.33917000000002,40.7817
北金ヶ沢,140.09508,40.746115
横磯,139.890905,40.62997
陸奥柳田,140.1246,40.741035
驫木,139.98326500000002,40.70738
艫作,139.8649,40.608545
千畳敷,140.054685,40.76773
木造,140.387945,40.802400000000006
五所川原,140.447985,40.80881
鳥形,140.03688499999998,40.27142
鶴泊,140.437535,40.736059999999995
滝ノ間,140.00227,40.379975
陸奥岩崎,139.924195,40.583330000000004
中田,140.364745,40.787585
陸奥鶴田,140.435385,40.757225000000005
深浦,139.92942,40.650295
十二湖,139.941955,40.551590000000004
渋川,139.00878999999998,36.49123
金島,138.97651249999998,36.5295125
郷原,138.801095,36.54873
小野上温泉,138.90431,36.5569
矢倉,138.78435,36.55272
市城,138.88238666666666,36.57058
岩島,138.75993499999998,36.56324
小野上,138.9221125,36.55249
川原湯温泉,138.69722726999998,36.545086725000004
群馬原町,138.82415500000002,36.5717
祖母島,138.95706,36.540729999999996
中之条,138.85147999999998,36.585409999999996
群馬大津,138.62809,36.55381
長野原草津口,138.64955999999998,36.54653
万座・鹿沢口,138.551294,36.531902
羽根尾,138.60549500000002,36.550165
大前,138.52901500000002,36.513575
袋倉,138.579175,36.54402
高崎,139.0123375,36.322340000000004
籠原,139.33026,36.17442
神保原,139.149014,36.253624
新町,139.10553599999997,36.273002000000005
倉賀野,139.04962166666667,36.30023333333333
深谷,139.281345,36.191345
本庄,139.18807666666666,36.23632666666666
岡部,139.2373775,36.2057825
大宮,139.62437,35.906435
上尾,139.58881,35.973020000000005
宮原,139.60952,35.940529999999995
北上尾,139.577575,35.985150000000004
桶川,139.564215,35.998435
鴻巣,139.50958500000002,36.05924
北本,139.53340666666668,36.03242666666666
熊谷,139.389925,36.13981
吹上,139.453692,36.102850000000004
北鴻巣,139.47695499999998,36.085494999999995
行田,139.43209000000002,36.1138825
山手,139.64647,35.4268
横浜,139.6222525,35.465407500000005
石川町,139.64291666666668,35.43890666666667
洋光台,139.59693666666666,35.37881
関内,139.6359875,35.44422
新杉田,139.619435,35.3868
根岸,139.636095,35.41586
磯子,139.61847,35.400575
桜木町,139.63088,35.4511
本郷台,139.550115,35.367855000000006
大船,139.53145375000003,35.35391025
港南台,139.57617666666667,35.375146666666666
左沢,140.20809,38.382196666666665
羽前金沢,140.270455,38.32087
北山形,140.33225,38.26544
南寒河江,140.27740333333335,38.35599333333334
西寒河江,140.26658666666665,38.37958333333333
羽前高松,140.24859999999998,38.3975275
柴橋,140.22583,38.380876666666666
寒河江,140.27469333333335,38.37204
羽前山辺,140.27157499999998,38.294605000000004
羽前長崎,140.27307000000002,38.33291
東金井,140.30277,38.27692999999999
田端,139.761575,35.737475
巣鴨,139.74035,35.73372
駒込,139.7484,35.73702666666667
池袋,139.711085,35.730275000000006
高田馬場,139.70396499999998,35.7133125
目白,139.70628,35.720389999999995
新大久保,139.700255,35.70093
大塚,139.72794,35.731785
大崎,139.72824500000002,35.619945
五反田,139.723696,35.62606
品川,139.738535,35.628135
目黒,139.71572714285713,35.633405714285715
恵比寿,139.710125,35.64668
渋谷,139.70172399999998,35.658082
新宿,139.70014,35.690465
新宿,139.70032,35.69081
新宿,139.700886,35.689032000000005
代々木,139.70221,35.683795
原宿,139.7027125,35.67132
新宿,139.701224,35.68919
宮古,141.947365,39.639894999999996
山岸,141.17145,39.716094999999996
千徳,141.91196,39.63225
箱石,141.62581,39.61711
磯鶏,141.960935,39.63041
茂市,141.7993,39.620595
区界,141.351425,39.651735
松草,141.43744500000003,39.635855
上米内,141.20381,39.74391
上盛岡,141.148,39.711479999999995
平津戸,141.511275,39.62337
花原市,141.86142,39.630415
盛岡,141.136375,39.701195
川内,141.59761,39.640765
蟇目,141.838845,39.629295
釜石,141.872745,39.273300000000006
豊間根,141.924715,39.53424
織笠,141.95944,39.447235
津軽石,141.93778500000002,39.5815
鵜住居,141.887905,39.326735
吉里吉里,141.938635,39.369524999999996
陸中川井,141.68150500000002,39.597335
腹帯,141.767425,39.60452
大槌,141.90313,39.356735
浪板海岸,141.93511,39.383555
両石,141.88909,39.308105
岩手船越,141.97404,39.431335000000004
陸中山田,141.9513,39.463589999999996
香取,140.53241,35.897885
十二橋,140.54583000000002,35.91702
鹿島神宮,140.62576333333334,35.970670000000005
潮来,140.54969,35.937455
鹿島サッカースタジアム,140.63591000000002,35.993065
延方,140.588805,35.958095
冠着,138.07935,36.45722
聖高原,138.047575,36.45506
坂北,138.01576,36.430705
西条,138.01249,36.400455
姨捨,138.093155,36.502885000000006
明科,137.93036666666669,36.354256666666664
村井,137.95605666666665,36.17433
稲荷山,138.10809,36.55264666666667
篠ノ井,138.13807333333332,36.57695666666667
松本,137.964625,36.230270000000004
南松本,137.9696133333333,36.21071333333333
田沢,137.94103,36.3017
塩尻,137.947875,36.114805000000004
広丘,137.949585,36.147935000000004
青沼,138.48918500000002,36.181309999999996
美里,138.450245,36.292294999999996
龍岡城,138.490725,36.204215000000005
三岡,138.448445,36.30418
北中込,138.4767,36.254909999999995
乙女,138.440515,36.3113
中込,138.4794,36.230644999999996
岩村田,138.47243500000002,36.27448
小諸,138.42274,36.3256775
佐久平,138.46330999999998,36.277575
中佐都,138.45361,36.280879999999996
東小諸,138.43209000000002,36.317009999999996
滑津,138.475005,36.238715
太田部,138.487775,36.220330000000004
臼田,138.48824,36.193995
小淵沢,138.3167533333333,35.863733333333336
海瀬,138.48593499999998,36.15578
松原湖,138.470555,36.060995000000005
小海,138.482885,36.088674999999995
海尻,138.47356000000002,36.041309999999996
甲斐大泉,138.40967,35.896325
信濃川上,138.527085,35.975875
高岩,138.47753,36.115745
佐久海ノ口,138.49081999999999,36.021185
清里,138.43662999999998,35.91915
馬流,138.485985,36.101839999999996
野辺山,138.47449,35.95532
甲斐小泉,138.35939,35.879554999999996
羽黒下,138.489645,36.166395
八千穂,138.47742,36.133325
佐久広瀬,138.51939499999997,36.003685
浦佐,138.92273500000002,37.16772
長岡,138.85397,37.447765000000004
燕三条,138.93865000000002,37.64786
新潟,139.061745,37.912005
上毛高原,138.9775975,36.69299
本庄早稲田,139.17975124999998,36.21867625
越後湯沢,138.80927333333332,36.935719999999996
高崎,139.013024,36.322644000000004
大宮,139.62309666666667,35.90617
熊谷,139.389645,36.1395
宮内,138.840115,37.4221275
石打,138.80418,36.988924999999995
浦佐,138.9230433333333,37.16742333333334
ガーラ湯沢,138.79949499999998,36.950165
北堀之内,138.89631500000002,37.25574
塩沢,138.84843,37.041485
上越国際スキー場前,138.8279575,37.028735
五日町,138.90850749999998,37.12007
八色,138.93511,37.191755
大沢,138.82133,37.02123
六日町,138.87543454545457,37.06647454545455
越後滝谷,138.83497333333332,37.36872333333333
小千谷,138.81335,37.3099725
越後堀之内,138.92828500000002,37.238955000000004
越後川口,138.8618381818182,37.272922727272736
小出,138.95361,37.23357
高崎,139.0123375,36.322340000000004
新前橋,139.04700000000003,36.379005
越後湯沢,138.80927333333332,36.935719999999996
高崎問屋町,139.01723,36.346135000000004
岩本,139.047615,36.602165
水上,138.96930250000003,36.779227500000005
渋川,139.00878999999998,36.49123
湯檜曽,138.98547456666665,36.80333435666667
沼田,139.035645,36.642295000000004
後閑,139.00007499999998,36.6795775
敷島,139.03393499999999,36.537555
越後中里,138.84850666666668,36.910396666666664
土合,138.96795,36.830745
群馬総社,139.032285,36.41551
津久田,139.042865,36.56103
井野,139.02327000000002,36.35744
八木原,139.01925,36.46379
越後湯沢,138.81002,36.93594
上牧,138.98456499999998,36.73563
岩原スキー場前,138.83956142857144,36.92424714285714
土合,138.962265,36.8298875
湯檜曽,138.986268,36.802774
土樽,138.861515,36.87533500000001
駒ヶ嶺,140.92508,37.84236666666667
坂元,140.90105461500002,37.924079135
浜吉田,140.890085,38.002224999999996
相馬,140.92571750000002,37.802477499999995
新地,140.9256402,37.879215474999995
日立木,140.93466,37.75613
逢隈,140.85475000000002,38.067625
山下,140.88898331500002,37.96631868
岩沼,140.863655,38.111864999999995
亘理,140.86129,38.03988
いわき,140.892355,37.058220000000006
泉,140.854085,36.955574999999996
木戸,141.00252999999998,37.25799
広野,140.99871666666667,37.21142333333333
末続,140.99565,37.172145
植田,140.79648500000002,36.92049
夜ノ森,140.99201499999998,37.365785
湯本,140.84984,37.006945
磐城太田,140.99148,37.6051
桃内,140.98437,37.528665000000004
富岡,141.0227275,37.3341525
竜田,141.00277166666666,37.28230833333333
勿来,140.786692,36.88356
小高,140.99638333333334,37.56312333333334
原ノ町,140.97110999999998,37.63796
大野,140.98413,37.409174
内郷,140.8548975,37.0359675
双葉,141.005855,37.453735
鹿島,140.97008,37.702835
草野,140.94725,37.07385
浪江,140.98951666666667,37.49234666666667
四ツ倉,140.9808575,37.1022825
久ノ浜,140.995775,37.14247
日立,140.66180000000003,36.590325
常陸多賀,140.63275,36.55214333333333
小木津,140.675295,36.63664
石岡,140.2799625,36.191199999999995
南中郷,140.7291025,36.75350999999999
大甕,140.6194775,36.513005
岩間,140.27650333333335,36.29543999999999
赤塚,140.41516000000001,36.381755
磯原,140.74644333333333,36.790749999999996
水戸,140.47756333333334,36.37088666666667
羽鳥,140.28677499999998,36.24754
十王,140.685945,36.67138
偕楽園,140.45634,36.37303
佐和,140.54050999999998,36.43047
内原,140.35262999999998,36.370045
大津港,140.778005,36.846064999999996
勝田,140.52426666666668,36.39433666666667
高萩,140.71695499999998,36.71434
東海,140.566035,36.4655
友部,140.30602499999998,36.35046
南柏,139.95419249999998,35.844645
佐貫,140.137966,35.929786
取手,140.0629275,35.8957275
柏,139.971025,35.86219
藤代,140.11815,35.920555
北柏,139.988035,35.875675
高浜,140.29466333333332,36.16377333333333
新松戸,139.92119333333335,35.82543666666667
取手,140.06272,35.89487
神立,140.24860999999999,36.12043
北小金,139.93075,35.833169999999996
天王台,140.04232,35.87247
ひたち野うしく,140.15824714285714,36.00726142857143
土浦,140.20623999999998,36.078595
我孫子,140.01047,35.872826
荒川沖,140.16598499999998,36.030595000000005
牛久,140.14104,35.9753325
北松戸,139.91162500000002,35.800365
日暮里,139.77119,35.72798666666666
馬橋,139.91732000000002,35.811685
南千住,139.7998075,35.73464750000001
北千住,139.80464,35.748845
綾瀬,139.82493499999998,35.762164999999996
三河島,139.77728666666667,35.733353333333326
亀有,139.84756,35.76654
松戸,139.90082666666663,35.784729999999996
金町,139.87039,35.76951
新潟,139.06124666666668,37.91223
新津,139.12121,37.8003
宮内,138.840115,37.4221275
東光寺,138.94295,37.59303
矢代田,139.09549666666666,37.748886666666664
笠島,138.467045,37.335695
羽生田,139.060695,37.693645000000004
北長岡,138.86242,37.468824999999995
青海川,138.48623500000002,37.34619
さつき野,139.117355,37.813100000000006
見附,138.90482500000002,37.54015
保内,139.014685,37.639305
北条,138.636995,37.338295
越後広田,138.661225,37.35736
加茂,139.04895499999998,37.658845
茨目,138.586745,37.35705
塚山,138.72994,37.355149999999995
古津,139.11445500000002,37.772999999999996
押切,138.881215,37.504940000000005
帯織,138.92856,37.573005
長岡,138.853975,37.447765000000004
東三条,138.974755,37.628545
前川,138.82389999999998,37.401765
潟町,138.3399,37.234205
越後石山,139.095475,37.896365
米山,138.43146,37.3168575
上下浜,138.36168,37.25238
越後岩塚,138.75641333333334,37.386336666666665
来迎寺,138.783792,37.397217999999995
鯨波,138.517355,37.355850000000004
土底浜,138.324815,37.22278
三条,138.96088,37.62123
柏崎,138.55642,37.363555
黒井,138.26817,37.18402666666666
荻川,139.11163,37.83258
亀田,139.10824,37.877183333333335
柿崎,138.38592,37.27778
長鳥,138.684105,37.366420000000005
田上,139.07457,37.719025
安田,138.612165,37.341125000000005
直江津,138.242035,37.17014
犀潟,138.30496,37.2101
高崎,139.0123375,36.322340000000004
磯部,138.849675,36.29837
安中,138.914485,36.331655
横川,138.7379,36.33597
群馬八幡,138.95749,36.33766
松井田,138.797655,36.309155000000004
北高崎,139.00265666666667,36.33841
西松井田,138.78663,36.31608
篠ノ井,138.13807333333332,36.57695666666667
今井,138.14508,36.59488
安茂里,138.16182,36.630269999999996
川中島,138.1507,36.614090000000004
安積永盛,140.36882,37.35659
野木沢,140.421,37.17521
磐城浅川,140.41441,37.079835
近津,140.39376499999997,37.000510000000006
南石井,140.41692999999998,36.89471
谷田川,140.431245,37.313635000000005
小塩江,140.43016,37.295555
磐城石井,140.41532999999998,36.904650000000004
里白石,140.41679333333332,37.10458666666667
中豊,140.39329,37.022485
川辺沖,140.405755,37.192715
磐城棚倉,140.384435,37.03511
磐城石川,140.444,37.14072
磐城守山,140.40653,37.33072
磐城塙,140.41201999999998,36.95873333333333
泉郷,140.405575,37.21449
川東,140.40615000000003,37.270105
下野宮,140.37552333333335,36.81577333333333
常陸青柳,140.48446333333334,36.383536666666664
下小川,140.38714,36.669015
東館,140.42330666666666,36.870419999999996
下菅谷,140.494175,36.435225
玉川村,140.37452000000002,36.57925
後台,140.490165,36.42404
水戸,140.476475,36.371015
常陸津田,140.48292333333336,36.404136666666666
瓜連,140.44952999999998,36.498194999999996
上小川,140.37869,36.71927
上菅谷,140.49253,36.455865
河合,140.51718499999998,36.50823
常陸太田,140.52767,36.53129
額田,140.503345,36.48574
中菅谷,140.49268,36.44573
山方宿,140.401075,36.62447
静,140.43820499999998,36.50611
常陸大宮,140.41267,36.54708
谷河原,140.52506499999998,36.51975
西金,140.38652000000002,36.69549
野上原,140.38996,36.605785
常陸鴻巣,140.46769999999998,36.472260000000006
南酒出,140.498285,36.477050000000006
中舟生,140.39224000000002,36.645534999999995
袋田,140.379615,36.754755
矢祭山,140.395395,36.849935
常陸大子,140.35084,36.770705
小山,139.80641250000002,36.312245000000004
友部,140.30602499999998,36.35046
新治,140.03921,36.327955
小田林,139.853605,36.30079
稲田,140.215035,36.368875
結城,139.87304,36.298075
福原,140.18728,36.351525
羽黒,140.143005,36.3553
宍戸,140.28854,36.344680000000004
玉戸,139.93855,36.298564999999996
下館,139.978185,36.304125
岩瀬,140.10874,36.359415
大和,140.07323,36.345555000000004
東結城,139.89141,36.29662
川島,139.91634499999998,36.29593
笠間,140.24651333333335,36.37303666666667
松岸,140.795195,35.739374999999995
佐倉,140.226755,35.70974
我孫子,140.01047,35.872826
小見川,140.6046,35.84998
下総神崎,140.41066999999998,35.894845000000004
滑河,140.347865,35.87706
酒々井,140.27540499999998,35.731849999999994
下総松崎,140.27755000000002,35.807775
久住,140.33887,35.832184999999996
空港第2ビル,140.38761,35.77296
小林,140.19311333333334,35.83073666666667
安食,140.242275,35.835715
佐原,140.49377,35.89493
布佐,140.132975,35.84935
笹川,140.655825,35.83943
香取,140.53241,35.897885
成田空港,140.386305,35.765725
東我孫子,140.047605,35.86898
下総豊里,140.72089499999998,35.793005
湖北,140.077945,35.867194999999995
水郷,140.570175,35.885455
大戸,140.45773,35.88993
新木,140.10705000000002,35.862399999999994
下総橘,140.70215000000002,35.818785
成田,140.313346,35.776559999999996
木下,140.14799,35.83888
椎柴,140.75886333333332,35.76521666666667
拝島,139.34337666666667,35.72131666666667
立川,139.4137825,35.698025
鳩ノ巣,139.12894,35.815105
西立川,139.39339,35.703546
古里,139.15114,35.816320000000005
小作,139.302275,35.776055
軍畑,139.20765,35.80758
白丸,139.11482999999998,35.81172
奥多摩,139.09694,35.809394999999995
立川,139.414155,35.69828
沢井,139.1934,35.805949999999996
川井,139.164306,35.813766
東青梅,139.272805,35.789815000000004
青梅,139.258125,35.790545
河辺,139.28405500000002,35.784774999999996
御嶽,139.182752,35.80142
日向和田,139.229535,35.788645
牛浜,139.33379000000002,35.734335
中神,139.37571,35.709
福生,139.327745,35.742485
東中神,139.384595,35.706275
二俣尾,139.21614499999998,35.803945
昭島,139.361635,35.71322
宮ノ平,139.23731500000002,35.78759
石神前,139.225135,35.79683
羽村,139.3163,35.757940000000005
涌谷,141.127285,38.538005
前谷地,141.194385,38.51209
渡波,141.36518,38.41999
万石浦,141.36873,38.42886333333333
沢田,141.382395,38.432355
上涌谷,141.09958,38.549175
陸前稲井,141.334905,38.44542
浦宿,141.42146,38.436515
曽波神,141.28785000000002,38.46581333333334
佳景山,141.23964333333333,38.497973333333334
鹿又,141.28331500000002,38.485855
小牛田,141.064415,38.54066
石巻,141.30355333333333,38.43535333333333
池袋,139.71134,35.730199999999996
赤羽,139.72095,35.77755
十条,139.72225,35.76039
板橋,139.71919666666668,35.74502666666667
北仙台,140.869955,38.281615
仙台,140.882545,38.260088333333336
北山,140.851895,38.285145
東照宮,140.88672000000003,38.277268
国見,140.83328,38.274770000000004
羽前千歳,140.34214,38.287375
面白山高原,140.49723,38.3329525
熊ヶ根,140.68058,38.29802
楯山,140.370655,38.30167
葛岡,140.81861,38.268855
陸前落合,140.79005,38.273435
愛子,140.761435,38.27263000000001
作並,140.6325475,38.3178
奥新川,140.59444,38.325979999999994
陸前白沢,140.70227666666668,38.278076666666664
山寺,140.4347766666667,38.309576666666665
高瀬,140.39604666666668,38.301503333333336
多賀城,141.00538,38.29168
松島海岸,141.05884333333336,38.36836666666667
福田町,140.958334,38.274975999999995
陸前浜田,141.04170399999998,38.350858
あおば通,140.8786233333333,38.26065666666667
中野栄,140.9853,38.280845
下馬,141.014995,38.305835
陸前原ノ町,140.91085,38.26609333333334
榴ヶ岡,140.8938,38.25875
陸前山下,141.288835,38.437725
石巻,141.30355333333333,38.43535333333333
本塩釜,141.02247,38.317715
陸前赤井,141.23900333333336,38.43241666666666
宮城野原,140.9047733333333,38.260690000000004
手樽,141.092735,38.387100000000004
蛇田,141.27753666666666,38.43828
陸前富山,141.10726499999998,38.3863
西塩釜,141.01837,38.311955
東矢本,141.22228,38.427995
矢本,141.2091,38.42045
陸前大塚,141.129185,38.379015
鹿妻,141.1901,38.403279999999995
高城町,141.07355,38.382825
小鶴新田,140.934955,38.273395
東塩釜,141.03167000000002,38.325630000000004
苦竹,140.91907,38.2688325
仙台,140.884145,38.26018
陸前小野,141.174775,38.396024999999995
陸前高砂,140.96776666666665,38.27355
大宮,139.62309666666667,35.90617
日進,139.60606,35.93153
指扇,139.56497,35.916965
南古谷,139.519155,35.90318
川越,139.48314000000002,35.906749999999995
笠幡,139.40626,35.907579999999996
西川越,139.459935,35.919095
武蔵高萩,139.37125500000002,35.90170333333334
的場,139.43541,35.91754
高麗川,139.33813,35.896370000000005
上溝,139.36315,35.55761666666666
番田,139.36311,35.545383333333334
南橋本,139.35242,35.5804
原当麻,139.375365,35.528994999999995
橋本,139.34502,35.594879999999996
下溝,139.38051000000002,35.51832
相武台下,139.38632,35.492775
香川,139.39983,35.3566
門沢橋,139.380055,35.4067
社家,139.377185,35.420410000000004
倉見,139.37838499999998,35.395055
茅ヶ崎,139.4069933333333,35.33067
北茅ヶ崎,139.40747,35.33968
入谷,139.39186999999998,35.47838
宮山,139.379665,35.382215
海老名,139.3893,35.45423
寒川,139.387315,35.367705
厚木,139.378605,35.44382
西船橋,139.95938,35.7072025
稲毛,140.0922775,35.637715
西千葉,140.10332666666667,35.62262666666666
物井,140.200315,35.685725
成東,140.41028,35.608535
飯岡,140.68335,35.72938
横芝,140.49077499999999,35.661784999999995
新検見川,140.073145,35.6518225
八日市場,140.552395,35.699295
旭,140.65469000000002,35.721835
松尾,140.458075,35.636355
西船橋,139.959475,35.70733
都賀,140.149185,35.63602
榎戸,140.288115,35.684075
津田沼,140.020276,35.691323999999994
日向,140.36243000000002,35.628294999999994
飯倉,140.521415,35.68509
幕張本郷,140.04218749999998,35.67281
猿田,140.737365,35.74735
東千葉,140.12219333333334,35.616976666666666
四街道,140.1652,35.6629075
南酒々井,140.26781,35.7043225
下総中山,139.94307,35.714285000000004
銚子,140.82746500000002,35.729325
西船橋,139.958045,35.707985
本八幡,139.92740500000002,35.72085
幕張,140.05790000000002,35.659475
松岸,140.795195,35.739374999999995
八街,140.31741499999998,35.663174999999995
佐倉,140.226755,35.70974
千葉,140.11348999999998,35.613556
干潟,140.60331000000002,35.718345
船橋,139.9840725,35.7017925
倉橋,140.71399000000002,35.737755
東船橋,140.00424166666667,35.69980666666667
御茶ノ水,139.76503000000002,35.699605000000005
新小岩,139.857735,35.716845
浅草橋,139.78449,35.69739
錦糸町,139.81463666666664,35.69673333333333
亀戸,139.82633,35.69733
平井,139.8425825,35.7065725
市川,139.90816999999998,35.72887
小岩,139.88185,35.733329999999995
秋葉原,139.773215,35.698319999999995
東京,139.76536666666664,35.681673333333336
両国,139.79335,35.695755
馬喰町,139.782385,35.6933375
新日本橋,139.7741625,35.688995
南小谷,137.908355,36.77459833333334
松本,137.964625,36.230270000000004
一日市場,137.90398,36.260085000000004
島内,137.94476333333333,36.24690666666667
中萱,137.9033,36.273885
島高松,137.93161999999998,36.24633
千国,137.90085,36.763239999999996
南豊科,137.90349,36.29099
北松本,137.96110000000002,36.236898
梓橋,137.91808,36.25018333333333
豊科,137.90094,36.30002
細野,137.86578500000002,36.39707
ヤナバスキー場前,137.85498666666663,36.605826666666665
信濃常盤,137.84716,36.46737
稲尾,137.84261500000002,36.55411
信濃木崎,137.84625,36.53564
北大町,137.858065,36.517605
安曇沓掛,137.854765,36.447805
飯森,137.85016000000002,36.670605
神城,137.84661,36.65822
南神城,137.84163,36.63717666666667
白馬大池,137.88554,36.739954999999995
信濃松川,137.858575,36.424475
安曇追分,137.872775,36.371865
北細野,137.86273,36.40644
白馬,137.863895,36.69601
海ノ口,137.841845,36.56568
穂高,137.88194199999998,36.339056
信濃大町,137.86168750000002,36.50022249999999
柏矢町,137.88836,36.322475
南大町,137.85627,36.491535
信濃森上,137.871835,36.71098
簗場,137.84483,36.59491333333333
有明,137.87824666666668,36.360009999999996
真滝,141.177945,38.908265
岩ノ下,141.24531249999998,38.947695
折壁,141.45227,38.939415
摺沢,141.321165,38.996075000000005
上鹿折,141.56824999999998,38.960715
鹿折唐桑,141.57953500000002,38.915530000000004
大船渡,141.720685,39.06318
竹駒,141.609785,39.033595000000005
陸中門崎,141.25122,38.91693
新月,141.48888499999998,38.91561
千厩,141.34562499999998,38.924855
矢越,141.429105,38.935275000000004
陸前矢作,141.57941499999998,39.022535000000005
小友,141.69959999999998,38.98926
下船渡,141.721015,39.038285
陸中松川,141.238045,38.97723
脇ノ沢,141.657245,39.006565
盛,141.71089999999998,39.085544999999996
陸前高田,141.62585,39.0127525
猊鼻渓,141.25302,38.98863
柴宿,141.272185,38.996735
細浦,141.71353333333334,39.015769999999996
小梨,141.38420999999997,38.93247
気仙沼,141.558845,38.910025000000005
一ノ関,141.13814,38.92661
金谷沢,141.24837,41.228975000000005
下北,141.18988,41.282835000000006
近川,141.27928500000002,41.191305
赤川,141.20923,41.267945
大湊,141.1618,41.28036
有戸,141.189305,40.914
陸奥横浜,141.24984,41.086635
北野辺地,141.134205,40.871134999999995
吹越,141.246515,41.021950000000004
有畑,141.2765,41.132005
野辺地,141.11964,40.855135
会津若松,139.93017,37.50895
会津本郷,139.89257500000002,37.46343
会津坂本,139.75663,37.553287499999996
滝谷,139.69796000000002,37.494325
七日町,139.919598,37.501916
若宮,139.8283,37.53541
根岸,139.8286,37.50196
会津坂下,139.821422,37.556774000000004
塔寺,139.78521999999998,37.56944
郷戸,139.709925,37.51634
会津高田,139.84130499999998,37.47081
会津柳津,139.723875,37.538675
新鶴,139.82849,37.517165
西若松,139.91409666666667,37.485886666666666
会津横田,139.43589500000002,37.392375
越後広瀬,138.981415,37.27456
会津川口,139.52376,37.45506666666666
会津西方,139.6615,37.480945
藪神,138.97588000000002,37.25684
会津蒲生,139.33333,37.381795
上条,139.050745,37.346779999999995
会津桧原,139.67945500000002,37.49191
会津塩沢,139.35511,37.393615
入広瀬,139.06582500000002,37.358695
早戸,139.59358333333333,37.470076666666664
会津水沼,139.56053666666665,37.48298
小出,138.95361,37.23357
本名,139.498805,37.444775
会津中川,139.53222666666667,37.47380666666667
会津越川,139.46943,37.39869
越後須原,139.01776999999998,37.320544999999996
大白川,139.12090999999998,37.341629999999995
魚沼田中,138.99263000000002,37.29414
会津大塩,139.41315333333333,37.39279
只見,139.31481,37.350255000000004
会津宮下,139.64708000000002,37.47117
上二田,140.004085,39.868975000000006
出戸浜,140.024585,39.844425
男鹿,139.84864,39.88465
追分,140.057815,39.809960000000004
船越,139.946685,39.904755
羽立,139.86202,39.904535
二田,139.987325,39.88142499999999
脇本,139.90263,39.915279999999996
天王,139.9637966666667,39.89877
水道橋,139.753745,35.702
飯田橋,139.74499571428572,35.70165142857143
御茶ノ水,139.76503000000002,35.699605000000005
中野,139.665605,35.70574
東中野,139.68508,35.70625
中野,139.666085,35.705555
吉祥寺,139.57998999999998,35.70314666666667
西荻窪,139.59970499999997,35.70379750000001
荻窪,139.620245,35.70443
中野,139.66558500000002,35.705955
阿佐ヶ谷,139.6362575,35.7048875
高円寺,139.6497175,35.705324999999995
大久保,139.69744500000002,35.700635
神田,139.770875,35.69177
四ツ谷,139.73056200000002,35.685731999999994
市ヶ谷,139.73532,35.691154999999995
信濃町,139.7212925,35.679937499999994
代々木,139.70221,35.683795
新宿,139.70061,35.690110000000004
千駄ヶ谷,139.71145333333334,35.68120666666667
塩尻,137.947875,36.114805000000004
八王子,139.33888,35.65549333333334
国分寺,139.480558,35.700131999999996
初狩,138.88371,35.59435285714285
川岸,138.02196,36.032983333333334
富士見,138.237865,35.912265
すずらんの里,138.21179142857142,35.93045857142858
甲府,138.56876,35.667125
西国分寺,139.46577,35.6997225
武蔵境,139.543555,35.70209
小淵沢,138.3167533333333,35.863733333333336
東小金井,139.52375999999998,35.70156
青柳,138.19752666666668,35.942710000000005
春日居町,138.65897999999999,35.673465
鳥沢,139.003485,35.60804
岡谷,138.045115,36.05676
みどり湖,137.98197,36.09426
韮崎,138.45135000000002,35.70968636363636
小野,137.970795,36.046875
笹子,138.825255,35.60395666666666
武蔵小金井,139.50592999999998,35.701035
日野春,138.39427750000002,35.790727499999996
東山梨,138.703055,35.69434
酒折,138.5995222222222,35.65954222222222
信濃境,138.27553,35.8849
上野原,139.115405,35.618444999999994
大月,138.94215333333332,35.61308333333333
塩崎,138.487756,35.68779
新府,138.4331775,35.73691
藤野,139.15133,35.615995
塩山,138.73455666666666,35.70538333333334
西八王子,139.312005,35.656275
長坂,138.36665,35.82743000000001
国立,139.446415,35.699195
上諏訪,138.116265,36.046760000000006
甲斐大和,138.781452,35.639424
四方津,139.07357,35.614133333333335
豊田,139.3814875,35.6594725
穴山,138.4138875,35.7510275
信濃川島,137.97188250000002,36.0136775
辰野,137.9971833333333,35.98451666666667
石和温泉,138.63448499999998,35.657525
竜王,138.51935,35.668675
梁川,139.0373,35.606265
相模湖,139.188525,35.617315
高尾,139.282635,35.642375
下諏訪,138.085625,36.071952499999995
猿橋,138.96792333333332,35.61272333333333
茅野,138.15195,35.9947625
立川,139.413785,35.697765000000004
勝沼ぶどう郷,138.7432557142857,35.67295571428571
山梨市,138.682836,35.685033999999995
立川,139.4137825,35.698025
三鷹,139.560708,35.702693999999994
日野,139.39349750000002,35.678675
津軽浜名,140.471835,41.180555
三厩,140.444455,41.185410000000005
青森,140.73465,40.83032
中小国,140.596855,41.051645
蟹田,140.642535,41.038309999999996
今別,140.49057,41.17967
奥内,140.67225000000002,40.90311
瀬辺地,140.64826499999998,41.007745
左堰,140.66582,40.917474999999996
中沢,140.65609666666668,40.94930333333334
津軽二股,140.51425,41.145905
大平,140.559525,41.065875000000005
郷沢,140.652395,40.987764999999996
蓬田,140.65451,40.969165000000004
津軽宮田,140.67442,40.887029999999996
油川,140.69061499999998,40.85664
大川平,140.50763999999998,41.163155
後潟,140.66253,40.931354999999996
鶴見,139.67579,35.507940000000005
鶴見小野,139.681275,35.49702
扇町,139.72242,35.50174
浜川崎,139.71353499999998,35.50966
安善,139.701245,35.49984
弁天橋,139.689485,35.495795
大川,139.71138,35.495405
新芝浦,139.700125,35.491915000000006
昭和,139.72393200000002,35.50689200000001
浅野,139.695675,35.497605
国道,139.67571,35.50077
浅野,139.695745,35.497285
武蔵白石,139.70653,35.50193
海芝浦,139.700675,35.48613
大釜,141.07194333333334,39.711526666666664
小岩井,141.024695,39.709765
雫石,140.97481,39.68923
春木場,140.94394,39.6934
赤渕,140.90723500000001,39.68509
盛岡,141.13653,39.70155
生田,140.60132,39.61216
田沢湖,140.72229249999998,39.7004425
刺巻,140.69195,39.66857
神代,140.627485,39.622675
角館,140.57118,39.591795000000005
羽後長野,140.54092500000002,39.54606
北大曲,140.498065,39.489495
鶯野,140.55794500000002,39.568565
鑓見内,140.527695,39.519265
大曲,140.47954,39.46586
羽後四ツ屋,140.512,39.50161
品川,139.738535,35.628135
新橋,139.7582,35.66639
大森,139.72810666666666,35.58885
浜松町,139.757125,35.65541
品川,139.73904,35.628495
田町,139.74760500000002,35.64574
東京,139.76755333333332,35.68117
東京,139.76723,35.681180000000005
東京,139.76536666666664,35.681673333333336
西大井,139.7216357142857,35.60176571428572
新橋,139.75873,35.666205000000005
大井町,139.73501333333334,35.60707
品川,139.73948571428573,35.629015714285714
東京,139.766685,35.680965
有楽町,139.76326,35.67504
川崎,139.69681,35.531364999999994
横浜,139.6222525,35.465407500000005
新川崎,139.671604,35.551587999999995
新子安,139.65409,35.486826666666666
鶴見,139.6762575,35.508539999999996
蒲田,139.71603,35.562484999999995
横浜,139.62210666666667,35.46566666666667
保土ヶ谷,139.60037,35.44722
国府津,139.21495499999997,35.281395
熱海,139.078078,35.10373
熱海,139.077805,35.103790000000004
戸塚,139.53441285714285,35.40009857142857
平塚,139.34945666666667,35.32774333333333
大磯,139.31334,35.3115
早川,139.14504,35.238797999999996
辻堂,139.445895,35.336845
茅ヶ崎,139.40738249999998,35.330420000000004
東戸塚,139.556504,35.430008
平塚,139.34947666666667,35.32752333333333
大船,139.53116,35.35414333333333
二宮,139.25675,35.29867
小田原,139.1557675,35.256105
根府川,139.138622,35.202554
鴨宮,139.1799133333333,35.275686666666665
湯河原,139.10219999999998,35.146125
藤沢,139.48667,35.3388425
真鶴,139.13213249999998,35.15675374999999
成東,140.41028,35.608535
求名,140.396175,35.579845
大網,140.3114775,35.523015
福俵,140.34187500000002,35.546165
東金,140.3636,35.560095000000004
二戸,141.28559,40.259775
いわて沼宮内,141.21742,39.960615000000004
八戸,141.430935,40.509325000000004
盛岡,141.13653,39.70155
北上,141.1226075,39.28225
水沢江刺,141.188705,39.145160000000004
一ノ関,141.13909999999998,38.926445
新花巻,141.17361499999998,39.4065
古川,140.9677875,38.57075
くりこま高原,141.07121857142857,38.74822857142857
仙台,140.882155,38.2609725
福島,140.45860333333334,37.753710000000005
白石蔵王,140.63296,37.994980000000005
郡山,140.38862,37.39862
那須塩原,140.02046857142858,36.931447142857145
新白河,140.18903666666668,37.12353
宇都宮,139.89809,36.558769999999996
小山,139.806355,36.313545000000005
上野,139.77738499999998,35.713315
大宮,139.62309666666667,35.90617
東京,139.76788,35.68110333333333
矢幅,141.14811,39.612804999999994
仙北町,141.14875,39.68769
岩手飯岡,141.14659,39.65375
盛岡,141.136375,39.701195
北上,141.12144666666669,39.28148
陸中折居,141.14091666666664,39.09391
石越,141.15915999999999,38.76882500000001
前沢,141.1262475,39.0492425
花巻空港,141.12731,39.442255
六原,141.09780999999998,39.227825
平泉,141.11780666666667,38.98790333333333
金ヶ崎,141.11293999999998,39.199585
花泉,141.18001500000003,38.833365
一ノ関,141.13814,38.92661
古館,141.154625,39.58086
石鳥谷,141.146885,39.490895
水沢,141.14632,39.13923
有壁,141.12109999999998,38.86735
村崎野,141.12049,39.32265
清水原,141.15645166666667,38.85492666666667
紫波中央,141.159915,39.55476
山ノ目,141.13197,38.951325
油島,141.17572,38.797105
日詰,141.16055,39.538624999999996
花巻,141.110325,39.393745
岩沼,140.863655,38.111864999999995
仙台,140.882545,38.260088333333336
小牛田,141.064415,38.54066
塩釜,141.00954000000002,38.309646666666666
国府多賀城,140.99473999999998,38.30108444444445
鹿島台,141.097965,38.474515
品井沼,141.08231714285714,38.43149
岩切,140.95532666666668,38.300936666666665
利府,140.9848,38.32935
松島,141.06532750000002,38.3793125
館腰,140.880155,38.143085
新田,141.11952200000002,38.711562
東仙台,140.91964,38.27624
田尻,141.059035,38.596270000000004
梅ヶ沢,141.0852325,38.68163
松山町,141.07492000000002,38.512705
瀬峰,141.07385499999998,38.655609999999996
新利府,140.97310333333334,38.31724
名取,140.88275,38.173100000000005
南仙台,140.883295,38.19722
長町,140.88625666666667,38.22734
愛宕,141.06511333333333,38.39747
陸前山王,140.9794775,38.299587499999994
槻木,140.81018333333333,38.07914
東白石,140.6511,38.035136
福島,140.45992999999999,37.754315000000005
桑折,140.517315,37.85517
白石,140.62625,38.00313333333333
船岡,140.7674,38.05933
北白川,140.69255,38.03245
藤田,140.53941500000002,37.878879999999995
東福島,140.47739666666666,37.799836666666664
福島,140.45976000000002,37.754315000000005
大河原,140.74033,38.047396666666664
貝田,140.58098,37.90811
越河,140.60458333333335,37.933483333333335
伊達,140.49338,37.824275
豊原,140.155085,37.054967500000004
矢吹,140.328245,37.2055625
黒磯,140.06015,36.970119999999994
白坂,140.184705,37.095275
日和田,140.38836500000002,37.44596
松川,140.48416500000002,37.653505
泉崎,140.29908799999998,37.15828599999999
白河,140.212425,37.130219999999994
金谷川,140.45200499999999,37.680710000000005
南福島,140.455835,37.723815
五百川,140.38774,37.482445
黒田原,140.12108666666666,37.02354666666667
鏡石,140.3468366666667,37.25055
高久,140.08735,36.99651
郡山,140.388865,37.398145
安達,140.46668,37.61264
安積永盛,140.36882,37.35659
須賀川,140.3714225,37.300365
杉田,140.413978,37.563483999999995
新白河,140.187535,37.12254
西那須野,139.98644333333334,36.883810000000004
二本松,140.43552,37.589465000000004
本宮,140.399335,37.513735
那須塩原,140.02106,36.931545
久田野,140.260185,37.137525
宇都宮,139.89874333333333,36.55980666666667
宝積寺,139.97952,36.631625
石橋,139.86651,36.43624
古河,139.70971500000002,36.194415
氏家,139.96213333333333,36.68160666666667
片岡,139.94554,36.75468
間々田,139.76111500000002,36.257909999999995
蒲須坂,139.95043833333335,36.720621666666666
小山,139.80662999999998,36.31344
岡本,139.94425,36.598265
野崎,139.958105,36.84381
自治医大,139.854515,36.39538
小金井,139.84228000000002,36.374485
雀宮,139.87704250000002,36.493725000000005
矢板,139.932975,36.80662
野木,139.73479500000002,36.229905
田端,139.761575,35.737475
日暮里,139.77119,35.72798666666666
西日暮里,139.766715,35.732175
上野,139.77585499999998,35.71322
上野,139.776185,35.713390000000004
秋葉原,139.773045,35.698535
上野,139.77730666666668,35.71433
日暮里,139.77087714285713,35.72739285714285
尾久,139.753725,35.74687
上野,139.77751,35.713865
御徒町,139.77471500000001,35.707195
鶯谷,139.77803,35.721455
王子,139.73820999999998,35.752325
上中里,139.746286,35.746888
赤羽,139.72095,35.77755
大宮,139.62437,35.906435
大宮,139.62309666666667,35.906169999999996
浦和,139.657145,35.858565
栗橋,139.69403499999999,36.135715000000005
南浦和,139.668615,35.848335000000006
北戸田,139.66144500000001,35.826755000000006
新白岡,139.67189000000002,36.038250000000005
北与野,139.6285475,35.890765
与野本町,139.626005,35.880925000000005
さいたま新都心,139.63389999999998,35.893595
蓮田,139.652965,35.981165000000004
東鷲宮,139.67969499999998,36.089635
与野,139.63899,35.884375
久喜,139.677375,36.06581
白岡,139.66688,36.01778
東大宮,139.64026,35.948359999999994
西川口,139.70436,35.815515000000005
北浦和,139.64575000000002,35.8722
武蔵浦和,139.64686,35.845414
東十条,139.72674500000002,35.76383
川口,139.71748000000002,35.801795000000006
戸田公園,139.67835000000002,35.807765
大宮,139.62437333333335,35.90571
南与野,139.631055,35.867355
浮間舟渡,139.69149142857142,35.79126428571429
北赤羽,139.705834,35.786974
赤羽,139.72126,35.777524285714286
戸田,139.66960999999998,35.817595
蕨,139.690415,35.82793
土呂,139.632195,35.931915000000004
中浦和,139.63730249999998,35.853915
東京,139.766685,35.680965
東京,139.76755333333332,35.68117
東京,139.76723,35.681180000000005
神田,139.770875,35.69177
安房鴨川,140.10370999999998,35.10762
蘇我,140.13065333333336,35.582323333333335
岩井,139.84987,35.093050000000005
巖根,139.933805,35.414784999999995
太海,140.09623,35.081485
五井,140.089745,35.513115
保田,139.83816000000002,35.141465
千歳,139.96627999999998,34.99135
木更津,139.92614399999997,35.38174
上総湊,139.870995,35.22183
大貫,139.855625,35.291624999999996
袖ヶ浦,139.95721,35.431905
佐貫町,139.87614,35.259985
江見,140.06114,35.0625
南三原,139.97906999999998,35.021195
館山,139.86199,34.995915
浜野,140.132185,35.552099999999996
千倉,139.95453,34.9768075
八幡宿,140.120035,35.536159999999995
那古船形,139.8514,35.02904
九重,139.91139500000003,34.997515
青堀,139.85888,35.330565
竹岡,139.83003,35.19759
浜金谷,139.82226,35.168195
姉ヶ崎,140.04193333333333,35.478649999999995
和田浦,140.01961,35.04171
安房勝山,139.83341000000001,35.114065
長浦,139.995425,35.450285
富浦,139.83775500000002,35.046229999999994
君津,139.895515,35.333645000000004
津田山,139.60072,35.60365
宿河原,139.579545,35.61542
武蔵新城,139.62909,35.587415
久地,139.593075,35.610105000000004
武蔵溝ノ口,139.611375,35.598815
尻手,139.6843,35.530975
平間,139.67109499999998,35.560565
浜川崎,139.71377999999999,35.510385
矢向,139.68037999999999,35.53946
川崎,139.69681,35.531364999999994
川崎新町,139.69925999999998,35.518325000000004
八丁畷,139.691375,35.523070000000004
向河原,139.667295,35.572175
武蔵小杉,139.65980666666667,35.57656333333333
鹿島田,139.67498,35.551455000000004
武蔵中原,139.64213999999998,35.58056
矢川,139.43159,35.685075
立川,139.414305,35.697535
稲田堤,139.535935,35.63341
矢野口,139.520435,35.641735
中野島,139.55107500000003,35.63002
西国立,139.423905,35.69379
登戸,139.57020666666668,35.620709999999995
分倍河原,139.46891499999998,35.66842
府中本町,139.47726333333333,35.66584666666666
稲城長沼,139.50261,35.644275
谷保,139.44678,35.68138
南多摩,139.48954500000002,35.649215
鶴田,139.8588,36.53828
宇都宮,139.89874333333333,36.55980666666667
文挟,139.72788666666668,36.63759666666667
鹿沼,139.762995,36.57119
下野大沢,139.73239999999998,36.686440000000005
日光,139.622195,36.747395
今市,139.687365,36.720375000000004
大形,139.129335,37.91543
佐々木,139.26980666666665,37.949803333333335
東新潟,139.108655,37.908785
豊栄,139.21562666666668,37.91954666666667
黒山,139.24139000000002,37.937285
早通,139.178175,37.921115
新崎,139.15837,37.922425000000004
新発田,139.33497666666668,37.94385333333333
新潟,139.06124666666668,37.91223
西新発田,139.30675,37.941365000000005
鮫,141.5549975,40.530255
長苗代,141.465855,40.521339999999995
種市,141.715195,40.410385000000005
大久喜,141.622955,40.495125
陸中中野,141.78776,40.30507
階上,141.664915,40.456895
白銀,141.54172000000003,40.52202333333333
陸中夏井,141.791985,40.20767
小中野,141.51010000000002,40.51878
平内,141.69923,40.425574999999995
種差海岸,141.60734,40.50692
有家,141.77309,40.324045
玉川,141.73502,40.380415
宿戸,141.74685,40.366080000000004
陸中八木,141.76671,40.345365
侍浜,141.760595,40.26161
陸奥白浜,141.59229,40.516639999999995
角の浜,141.68176499999998,40.44446
大蛇,141.65082999999998,40.467195000000004
陸奥湊,141.52740333333333,40.52316666666667
金浜,141.63732,40.476015000000004
本八戸,141.488995,40.516375
八戸,141.43141000000003,40.509190000000004
久慈,141.770845,40.190505
倉賀野,139.04962166666667,36.30023333333333
丹荘,139.10258499999998,36.216465
群馬藤岡,139.083465,36.25032
松久,139.1821,36.173065
北藤岡,139.08146499999998,36.2821225
児玉,139.13571000000002,36.192843333333336
高麗川,139.33813,35.896370000000005
拝島,139.34380249999998,35.7212425
折原,139.195325,36.096175
金子,139.32861,35.810815000000005
小宮,139.36847749999998,35.685865
箱根ヶ崎,139.346735,35.771695
毛呂,139.309335,35.940735000000004
寄居,139.193525,36.117855
竹沢,139.22995,36.075500000000005
北八王子,139.3634,35.669275
明覚,139.289215,36.003565
東飯能,139.32613,35.85302
八王子,139.33888,35.65549333333334
越生,139.29925666666668,35.96286333333333
用土,139.20063000000002,36.153870000000005
小川町,139.26069,36.058995
東福生,139.3358875,35.7457475
十日町,138.75646,37.1348
内ヶ巻,138.851765,37.25001
森宮野原,138.57745,36.989445
足滝,138.60372,36.99897
上桑名川,138.44141,36.96294
西大滝,138.48086750000002,36.979235
横倉,138.55034,36.979905
越後田沢,138.69473333333335,37.055366666666664
越後水沢,138.71819,37.074295
津南,138.63938000000002,37.0235025
越後岩沢,138.79719999999998,37.240785
越後鹿渡,138.671595,37.04809
魚沼中条,138.77249,37.15947
下条,138.78003999999999,37.19839
越後田中,138.62707999999998,37.005275
信濃白鳥,138.503035,36.9836
越後川口,138.8618381818182,37.272922727272736
平滝,138.533745,36.98604
桑名川,138.45797,36.97589333333333
土市,138.729435,37.097485000000006
豊野,138.27555999999998,36.711095
立ヶ花,138.30701,36.731300000000005
上境,138.41904,36.937985
替佐,138.324145,36.7693
戸狩野沢温泉,138.39294,36.91666
北飯山,138.36386,36.858819999999994
蓮,138.349185,36.808840000000004
信濃平,138.378485,36.885005
上今井,138.31947,36.7533525
飯山,138.35879475500002,36.846028325
信濃浅野,138.29449,36.72177
郡山,140.388865,37.398145
笈川,139.89534,37.57914
東長原,139.948125,37.566525
猪苗代,140.1033,37.54628
翁島,140.054,37.55281
磐梯町,139.99343249999998,37.5573675
磐梯熱海,140.270625,37.480765
猪苗代湖畔,140.147585,37.500635
川桁,140.13692,37.535595
山都,139.76656,37.639205000000004
安子ヶ島,140.310565,37.471895
塩川,139.88719666666665,37.594100000000005
荻野,139.72225,37.617555
関都,140.143595,37.515635
喜久田,140.34199999999998,37.451589999999996
喜多方,139.86811,37.643855
会津豊川,139.87682333333333,37.63356666666666
姥堂,139.88098666666667,37.61599666666667
広田,139.93338333333335,37.549263333333336
上戸,140.16357,37.48786
中山宿,140.219495,37.495689999999996
会津若松,139.93017,37.50895
堂島,139.911745,37.554765
北五泉,139.16968,37.746815
新関,139.16239000000002,37.768235
東下条,139.32196666666667,37.73670666666666
鹿瀬,139.48023,37.69596
津川,139.446965,37.688185000000004
五十島,139.3534666666667,37.715916666666665
日出谷,139.534,37.70572
三川,139.381495,37.7084
新津,139.12121,37.8003
馬下,139.26037333333332,37.73757666666666
豊実,139.5763433333333,37.68052333333333
五泉,139.17979333333332,37.73437
尾登,139.69147666666666,37.60894666666667
徳沢,139.60288,37.66690666666667
野沢,139.64424,37.59104333333334
東新津,139.143585,37.787725
上野尻,139.63389999999998,37.625029999999995
猿和田,139.22235666666666,37.72962666666667
咲花,139.29090333333332,37.73499999999999
郡山,140.388865,37.398145
小川郷,140.862525,37.126455
要田,140.520835,37.45417333333333
磐城常葉,140.605845,37.42076
赤井,140.866335,37.08064
三春,140.47854999999998,37.449825000000004
菅谷,140.644585,37.350485
江田,140.826435,37.179145
夏井,140.662715,37.252985
神俣,140.659665,37.324745
小野新町,140.63657,37.275785
いわき,140.892355,37.058220000000006
大越,140.63044,37.38747
舞木,140.43531000000002,37.416700000000006
川前,140.75029,37.205635
船引,140.57461,37.443125
東松戸,139.94377,35.77076
船橋法典,139.966684,35.73052
市川大野,139.95128,35.755405
新松戸,139.92111,35.82548666666667
西船橋,139.9595325,35.707225
新八柱,139.938555,35.791290000000004
東川口,139.7438966666667,35.87513666666666
三郷,139.88683500000002,35.844835
南流山,139.90422999999998,35.837845
吉川,139.8431825,35.876645
南越谷,139.79136333333335,35.87604666666667
新三郷,139.86953499999998,35.85839
北朝霞,139.58722999999998,35.815470000000005
武蔵浦和,139.647935,35.846045000000004
東浦和,139.70453666666666,35.86405666666666
南浦和,139.66894000000002,35.847584999999995
西浦和,139.627765,35.844185
北府中,139.471795,35.680855
新秋津,139.49375500000002,35.778310000000005
東所沢,139.51454,35.79489
府中本町,139.47709,35.66581666666667
新小平,139.47050666666667,35.730943333333336
西国分寺,139.465985,35.69991
新座,139.55623,35.803779999999996
米沢,140.128285,37.909414999999996
今泉,140.04423,38.0567
羽前松岡,139.780445,38.045395
犬川,140.05211333333332,38.0254
成島,140.07556,37.943365
羽前小松,140.048545,38.004685
小国,139.75017,38.061449999999994
中郡,140.06727999999998,37.969195
伊佐領,139.82265,38.051050000000004
羽前椿,139.99428,38.038619999999995
羽前沼沢,139.87249500000001,38.02879
萩生,140.00428,38.061910000000005
手ノ子,139.96125999999998,38.011759999999995
南米沢,140.10827,37.89605
西米沢,140.08483,37.917255
越後大島,139.518325,38.099644999999995
越後下関,139.56015000000002,38.089985
坂町,139.44583666666665,38.11928666666667
越後片貝,139.622415,38.070775
越後金丸,139.663525,38.066509999999994
岩沢,140.931565,39.301155
横川目,140.9722,39.30924
北上,141.12144666666669,39.28148
ゆだ錦秋湖,140.83531,39.295535
藤根,141.03958,39.301105
立川目,140.99724,39.307815
和賀仙人,140.90975,39.308245
柳原,141.11169999999998,39.29463
江釣子,141.07578,39.29846
矢美津,140.59203,39.2913
黒沢,140.69969,39.276203333333335
ほっとゆだ,140.77554666666666,39.314429999999994
相野々,140.61870333333334,39.27811
ゆだ高原,140.73717,39.30108
小松川,140.64616999999998,39.2934
平石,140.628455,39.2917
横手,140.56043499999998,39.31028
高崎,139.013024,36.322644000000004
安中榛名,138.84959333333333,36.362543333333335
佐久平,138.46475999999998,36.278200000000005
軽井沢,138.6349175,36.3425975
上田,138.25023,36.39614
長野,138.18887,36.642815
矢作,138.85166500000003,37.69065
燕,138.928485,37.667640000000006
弥彦,138.83178,37.699195
吉田,138.87859,37.6871
西燕,138.909255,37.679785
北三条,138.955625,37.632765000000006
燕三条,138.93965,37.648869999999995
東三条,138.974755,37.628545
余目,139.911315,38.844365
新庄,140.306105,38.762515
南野,139.94471499999997,38.818185
古口,140.145985,38.73716
羽前前波,140.2095,38.747704999999996
清川,140.02068666666665,38.79018
狩川,139.97676,38.793684999999996
高屋,140.071015,38.752505
津谷,140.18635,38.7376
升形,140.24426,38.751580000000004
有備館,140.86436,38.65805
岩出山,140.87155666666666,38.65249666666667
塚目,140.937095,38.572485
上野目,140.859365,38.680525
池月,140.83563,38.70906
東大崎,140.897065,38.60567
西大崎,140.88969,38.630025
小牛田,141.064415,38.54066
西古川,140.89546,38.57816
古川,140.9677775,38.5705975
北浦,141.02313,38.559870000000004
陸前谷地,140.99954,38.565135
新庄,140.306105,38.762515
堺田,140.61278,38.735565
立小路,140.54271,38.742014999999995
東長沢,140.38216999999997,38.71891
鳴子御殿湯,140.73748666666665,38.74454
赤倉温泉,140.553565,38.7305425
大堀,140.4754,38.76593
南新庄,140.31620999999998,38.72154666666666
鵜杉,140.45367,38.76493
最上,140.51765999999998,38.75593
長沢,140.36576,38.70977666666667
瀬見温泉,140.41962999999998,38.755129999999994
鳴子温泉,140.71596,38.743355
中山平温泉,140.66802,38.72652
川渡温泉,140.7792,38.73686
小山,139.80641250000002,36.312245000000004
栃木,139.73102,36.371935
思川,139.781125,36.35105
大平下,139.697245,36.344335
岩舟,139.65792,36.326565
山前,139.41127,36.347390000000004
佐野,139.5789,36.316559999999996
桐生,139.33325333333335,36.41109666666666
岩宿,139.29715000000002,36.39591
新前橋,139.04700000000003,36.379005
前橋,139.07337,36.38347
前橋大島,139.10920000000002,36.37079333333333
足利,139.45635,36.331869999999995
伊勢崎,139.19331,36.32688
富田,139.52879000000001,36.31618
小俣,139.374425,36.37499
駒形,139.139545,36.35411
国定,139.242455,36.359004999999996
太子堂,140.88369666666668,38.21763333333334
東北福祉大前,140.8428033333333,38.28043666666667
平田,137.96256000000002,36.19171
西大宮,139.57896666666667,35.92198333333334
西府,139.45738999999998,35.670935
越谷レイクタウン,139.82253,35.876115
武蔵小杉,139.66341045454544,35.574797636363634
七戸十和田,141.1539085,40.719931
新青森,140.69347975,40.82779875
東神奈川,139.633165,35.477875
吉川美南,139.85812149999998,35.868087
碁石海岸口,141.71102398,39.002780455
奇跡の一本松,141.624376015,39.006786085
長野,138.18885,36.643460000000005
女川,141.44309715999998,38.44691918333333
飯山,138.35901085,36.845143199999995
上越妙高,138.24847131500002,37.081367150000005
天童南,140.36572361499998,38.341974485
東名,141.143933345,38.375284455
野蒜,141.15657542,38.37889648
北森,141.07211139499998,39.95648145
ベイサイドアリーナ,141.46154658,38.67987514
高田病院,141.662388895,39.018453155
長部,141.618340505,38.98618865
高田高校前,141.63592155,39.014941365
大船渡魚市場前,141.72078024500001,39.05121876
石巻あゆみ野,141.25922018,38.43603083
小田栄,139.70507562999998,35.51441689
